"STRT_ID";"STREET";"BLD_ID";"BLD";"KORP"
"2735381";"Ленинградская обл., Волховский р-н, д. Пульница, ";"14105963";"д.9";""
"2735381";"Ленинградская обл., Волховский р-н, д. Пульница, ";"14042216";"д.3";""
"2735381";"Ленинградская обл., Волховский р-н, д. Пульница, ";"14025802";"д.35";""
"2735381";"Ленинградская обл., Волховский р-н, д. Пульница, ";"14089423";"д.25\А";""
"2735381";"Ленинградская обл., Волховский р-н, д. Пульница, ";"14669917";"д.37";""
"2735381";"Ленинградская обл., Волховский р-н, д. Пульница, ";"14107890";"д.4";""
"2735381";"Ленинградская обл., Волховский р-н, д. Пульница, ";"14099141";"д.41";""
"2735381";"Ленинградская обл., Волховский р-н, д. Пульница, ";"14087264";"д.10";""
"2735381";"Ленинградская обл., Волховский р-н, д. Пульница, ";"14106709";"д.1\А";""
"2735381";"Ленинградская обл., Волховский р-н, д. Пульница, ";"14114415";"д.19";""
"2735381";"Ленинградская обл., Волховский р-н, д. Пульница, ";"14086909";"нетр187432";""
"2735381";"Ленинградская обл., Волховский р-н, д. Пульница, ";"14033848";"д.Х";""
"2735381";"Ленинградская обл., Волховский р-н, д. Пульница, ";"14041347";"д.22";""
"2735381";"Ленинградская обл., Волховский р-н, д. Пульница, ";"14063197";"д.26\А";""
"2735381";"Ленинградская обл., Волховский р-н, д. Пульница, ";"14040741";"д.31";""
"2735381";"Ленинградская обл., Волховский р-н, д. Пульница, ";"14031507";"д.6";""
"2735380";"Ленинградская обл., Волховский р-н, д. Прусыня, ";"14065749";"д.2";""
"2735380";"Ленинградская обл., Волховский р-н, д. Прусыня, ";"10151703";"ая187414 ";""
"2735380";"Ленинградская обл., Волховский р-н, д. Прусыня, ";"14057744";"д.3";""
"2735379";"Ленинградская обл., Волховский р-н, д. Прусынская Горка, ";"14085328";"д.6";""
"2735379";"Ленинградская обл., Волховский р-н, д. Прусынская Горка, ";"10067458";"ая187414 ";""
"2735379";"Ленинградская обл., Волховский р-н, д. Прусынская Горка, ";"14032190";"д.1";""
"2735379";"Ленинградская обл., Волховский р-н, д. Прусынская Горка, ";"14082825";"д.Х";""
"2735379";"Ленинградская обл., Волховский р-н, д. Прусынская Горка, ";"14068763";"д.9";""
"2735379";"Ленинградская обл., Волховский р-н, д. Прусынская Горка, ";"14064206";"д.2";""
"2735379";"Ленинградская обл., Волховский р-н, д. Прусынская Горка, ";"14052163";"д.14";""
"2735378";"Ленинградская обл., Волховский р-н, д. Пруди, ";"14027067";"д.Х";""
"2735378";"Ленинградская обл., Волховский р-н, д. Пруди, ";"14093801";"д.5";""
"2735378";"Ленинградская обл., Волховский р-н, д. Пруди, ";"14064220";"д.13";""
"2735378";"Ленинградская обл., Волховский р-н, д. Пруди, ";"10185653";"ая187435 ";""
"2735377";"Ленинградская обл., Волховский р-н, д. Прокшеницы, ";"10035657";"ая187435 ";""
"2735377";"Ленинградская обл., Волховский р-н, д. Прокшеницы, ";"14053049";"д.Х";""
"2735377";"Ленинградская обл., Волховский р-н, д. Прокшеницы, ";"14086970";"д.16";""
"2735372";"Ленинградская обл., Волховский р-н, д. Поляша, ";"14040739";"д.7";""
"2735372";"Ленинградская обл., Волховский р-н, д. Поляша, ";"14092087";"д.1";""
"2735372";"Ленинградская обл., Волховский р-н, д. Поляша, ";"10120290";"ая187430 ";""
"2735369";"Ленинградская обл., Волховский р-н, д. Подол, ";"14054422";"д.Х";""
"2735369";"Ленинградская обл., Волховский р-н, д. Подол, ";"10171595";"ая187412 ";""
"2735369";"Ленинградская обл., Волховский р-н, д. Подол, ";"14054436";"д.6";""
"2735369";"Ленинградская обл., Волховский р-н, д. Подол, ";"14648843";"д.5";""
"2735367";"Ленинградская обл., Волховский р-н, д. Подвязье, ";"14050777";"д.Х";""
"2735367";"Ленинградская обл., Волховский р-н, д. Подвязье, ";"14114806";"д.1";""
"2735367";"Ленинградская обл., Волховский р-н, д. Подвязье, ";"14066983";"д.2";""
"2735367";"Ленинградская обл., Волховский р-н, д. Подвязье, ";"14042388";"д.3";""
"2735367";"Ленинградская обл., Волховский р-н, д. Подвязье, ";"14057760";"нетр187442";""
"2735367";"Ленинградская обл., Волховский р-н, д. Подвязье, ";"10120906";"ая187442 ";""
"2735366";"Ленинградская обл., Волховский р-н, д. Подбережье, ";"14104473";"д.3";""
"2735366";"Ленинградская обл., Волховский р-н, д. Подбережье, ";"10043185";"ая187468 ";""
"2735366";"Ленинградская обл., Волховский р-н, д. Подбережье, ";"14076193";"д.13";""
"2735364";"Ленинградская обл., Волховский р-н, д. Погорелец-Хваловский, ";"14096339";"д.25";""
"2735364";"Ленинградская обл., Волховский р-н, д. Погорелец-Хваловский, ";"14038352";"д.6";""
"2735364";"Ленинградская обл., Волховский р-н, д. Погорелец-Хваловский, ";"10078719";"ая187435 ";""
"2735363";"Ленинградская обл., Волховский р-н, д. Погорелец-Воскресенский, ";"14065691";"д.20";""
"2735363";"Ленинградская обл., Волховский р-н, д. Погорелец-Воскресенский, ";"14068779";"д.Х";""
"2735363";"Ленинградская обл., Волховский р-н, д. Погорелец-Воскресенский, ";"14093533";"д.14";""
"2735363";"Ленинградская обл., Волховский р-н, д. Погорелец-Воскресенский, ";"10066417";"ая187435 ";""
"2735362";"Ленинградская обл., Волховский р-н, д. Плотичное, ";"14086854";"д.Х";""
"2735362";"Ленинградская обл., Волховский р-н, д. Плотичное, ";"14080493";"д.1";""
"3314101";"Ленинградская обл., Волховский р-н, д. Плотичное, Лесная ул., ";"14042386";"д.12";""
"3314101";"Ленинградская обл., Волховский р-н, д. Плотичное, Лесная ул., ";"14103183";"д.20";""
"2735362";"Ленинградская обл., Волховский р-н, д. Плотичное, ";"14114468";"д.23";""
"3314100";"Ленинградская обл., Волховский р-н, д. Плотичное, Дорожная ул., ";"14048613";"д.10";""
"3314100";"Ленинградская обл., Волховский р-н, д. Плотичное, Дорожная ул., ";"14045670";"д.4";""
"3314100";"Ленинградская обл., Волховский р-н, д. Плотичное, Дорожная ул., ";"14062528";"д.9\А";""
"3314035";"Ленинградская обл., Волховский р-н, с. Колчаново, Прибрежная ул., ";"14063000";"д.9";""
"3314035";"Ленинградская обл., Волховский р-н, с. Колчаново, Прибрежная ул., ";"14080495";"д.5";""
"3314035";"Ленинградская обл., Волховский р-н, с. Колчаново, Прибрежная ул., ";"14040758";"д.82";""
"3314035";"Ленинградская обл., Волховский р-н, с. Колчаново, Прибрежная ул., ";"14100369";"д.3";""
"3314035";"Ленинградская обл., Волховский р-н, с. Колчаново, Прибрежная ул., ";"14068753";"д.4";""
"2735296";"Ленинградская обл., Волховский р-н, с. Колчаново, ";"10038207";"ая187439 ";""
"2735296";"Ленинградская обл., Волховский р-н, с. Колчаново, ";"14105960";"д.Х";""
"2735296";"Ленинградская обл., Волховский р-н, с. Колчаново, ";"14048624";"д.1";""
"2735279";"Ленинградская обл., Волховский р-н, д. Извоз, ";"14022290";"д.1";""
"2735279";"Ленинградская обл., Волховский р-н, д. Извоз, ";"14017916";"д.43";""
"2735279";"Ленинградская обл., Волховский р-н, д. Извоз, ";"14113219";"д.9";""
"2735279";"Ленинградская обл., Волховский р-н, д. Извоз, ";"10183002";"ая187412 ";""
"2735356";"Ленинградская обл., Волховский р-н, д. Пенчино, ";"14107496";"д.4";""
"2735356";"Ленинградская обл., Волховский р-н, д. Пенчино, ";"14093756";"д.6";""
"2735356";"Ленинградская обл., Волховский р-н, д. Пенчино, ";"10210104";"ая187439 ";""
"2735354";"Ленинградская обл., Волховский р-н, д. Папоротно, ";"14045685";"д.8";""
"2735354";"Ленинградская обл., Волховский р-н, д. Папоротно, ";"14060991";"д.5";""
"2735354";"Ленинградская обл., Волховский р-н, д. Папоротно, ";"14051799";"д.49";""
"2735354";"Ленинградская обл., Волховский р-н, д. Папоротно, ";"14045686";"д.24";""
"2735354";"Ленинградская обл., Волховский р-н, д. Папоротно, ";"14092239";"д.43";""
"2735354";"Ленинградская обл., Волховский р-н, д. Папоротно, ";"14017512";"д.23";""
"2735354";"Ленинградская обл., Волховский р-н, д. Папоротно, ";"14021035";"д.28";""
"3314071";"Ленинградская обл., Волховский р-н, д. Папоротно, Солнечная ул., ";"14096335";"д.7";""
"3314071";"Ленинградская обл., Волховский р-н, д. Папоротно, Солнечная ул., ";"14097948";"д.3";""
"3314071";"Ленинградская обл., Волховский р-н, д. Папоротно, Солнечная ул., ";"14042604";"д.8";""
"3314071";"Ленинградская обл., Волховский р-н, д. Папоротно, Солнечная ул., ";"14046659";"д.4";""
"3314071";"Ленинградская обл., Волховский р-н, д. Папоротно, Солнечная ул., ";"14084711";"д.1";""
"3314071";"Ленинградская обл., Волховский р-н, д. Папоротно, Солнечная ул., ";"14022312";"д.Х";""
"2735354";"Ленинградская обл., Волховский р-н, д. Папоротно, ";"14062564";"д.26";""
"2735354";"Ленинградская обл., Волховский р-н, д. Папоротно, ";"14049940";"д.9";""
"2735354";"Ленинградская обл., Волховский р-н, д. Папоротно, ";"14104447";"д.1";""
"2735354";"Ленинградская обл., Волховский р-н, д. Папоротно, ";"14066961";"д.10";""
"2735354";"Ленинградская обл., Волховский р-н, д. Папоротно, ";"14113203";"д.21";""
"2735354";"Ленинградская обл., Волховский р-н, д. Папоротно, ";"14069760";"д.3";""
"2735354";"Ленинградская обл., Волховский р-н, д. Папоротно, ";"14038095";"д.20";""
"2735354";"Ленинградская обл., Волховский р-н, д. Папоротно, ";"14021034";"д.2";""
"2735354";"Ленинградская обл., Волховский р-н, д. Папоротно, ";"14017538";"д.33";""
"2735354";"Ленинградская обл., Волховский р-н, д. Папоротно, ";"14040768";"д.6";""
"2735354";"Ленинградская обл., Волховский р-н, д. Папоротно, ";"14034643";"д.Х";""
"2735354";"Ленинградская обл., Волховский р-н, д. Папоротно, ";"14053031";"д.22";""
"2735354";"Ленинградская обл., Волховский р-н, д. Папоротно, ";"14053030";"д.41";""
"2735354";"Ленинградская обл., Волховский р-н, д. Папоротно, ";"10184663";"ая187462 ";""
"2735442";"Ленинградская обл., Волховский р-н, д. Черноручье, ";"10033999";"ая187414 ";""
"2735288";"Ленинградская обл., Волховский р-н, д. Кириково, ";"14101973";"д.28";""
"2735288";"Ленинградская обл., Волховский р-н, д. Кириково, ";"10088492";"ая187423 ";""
"2735288";"Ленинградская обл., Волховский р-н, д. Кириково, ";"14099147";"д.31";""
"2735288";"Ленинградская обл., Волховский р-н, д. Кириково, ";"14038106";"д.45";""
"2735288";"Ленинградская обл., Волховский р-н, д. Кириково, ";"14066990";"д.Х";""
"2735325";"Ленинградская обл., Волховский р-н, д. Медвежья Кара, ";"14048657";"д.1";""
"2735325";"Ленинградская обл., Волховский р-н, д. Медвежья Кара, ";"14038354";"д.Х";""
"2735325";"Ленинградская обл., Волховский р-н, д. Медвежья Кара, ";"14021045";"д.8";""
"2735325";"Ленинградская обл., Волховский р-н, д. Медвежья Кара, ";"14058718";"д.13";""
"2735325";"Ленинградская обл., Волховский р-н, д. Медвежья Кара, ";"14049701";"д.9";""
"2735325";"Ленинградская обл., Волховский р-н, д. Медвежья Кара, ";"14048658";"д.7";""
"2735325";"Ленинградская обл., Волховский р-н, д. Медвежья Кара, ";"14048656";"д.4";""
"2735325";"Ленинградская обл., Волховский р-н, д. Медвежья Кара, ";"14034072";"д.10";""
"2735325";"Ленинградская обл., Волховский р-н, д. Медвежья Кара, ";"14058903";"д.15";""
"2735325";"Ленинградская обл., Волховский р-н, д. Медвежья Кара, ";"10113980";"ая187460 ";""
"2646781";"Ленинградская обл., Волховский р-н, массив. Волхов ул.Лесопарковая 1, ";"10201789";"ая187406 ";""
"2735574";"Ленинградская обл., Волховский р-н, массив. Волхов ул.Лесопарковая 1, снт. Восход, ";"10174659";"ая187406 ";""
"2735307";"Ленинградская обл., Волховский р-н, д. Лавния, ";"10095965";"ая187413 ";""
"2735307";"Ленинградская обл., Волховский р-н, д. Лавния, ";"14068732";"д.Х";""
"2735307";"Ленинградская обл., Волховский р-н, д. Лавния, ";"14073016";"д.23";""
"2735307";"Ленинградская обл., Волховский р-н, д. Лавния, ";"14039418";"д.25";""
"2735307";"Ленинградская обл., Волховский р-н, д. Лавния, ";"14022294";"д.5";""
"2735420";"Ленинградская обл., Волховский р-н, д. Теребонижье, ";"14114446";"д.10";""
"2735420";"Ленинградская обл., Волховский р-н, д. Теребонижье, ";"14090984";"д.29";""
"2735420";"Ленинградская обл., Волховский р-н, д. Теребонижье, ";"14114807";"нетр187442";""
"2735420";"Ленинградская обл., Волховский р-н, д. Теребонижье, ";"14097911";"д.Х";""
"2735420";"Ленинградская обл., Волховский р-н, д. Теребонижье, ";"14093480";"д.12";""
"2735420";"Ленинградская обл., Волховский р-н, д. Теребонижье, ";"14030255";"д.32";""
"2735420";"Ленинградская обл., Волховский р-н, д. Теребонижье, ";"10150469";"ая187442 ";""
"2735342";"Ленинградская обл., Волховский р-н, д. Новая, ";"10174977";"ая187413 ";""
"2735342";"Ленинградская обл., Волховский р-н, д. Новая, ";"14089775";"д.1";""
"2735342";"Ленинградская обл., Волховский р-н, д. Новая, ";"14058154";"д.45";""
"2735342";"Ленинградская обл., Волховский р-н, д. Новая, ";"14103591";"д.37";""
"2735342";"Ленинградская обл., Волховский р-н, д. Новая, ";"14105985";"д.2";""
"2735342";"Ленинградская обл., Волховский р-н, д. Новая, ";"10174976";"ая187463 ";""
"2735342";"Ленинградская обл., Волховский р-н, д. Новая, ";"14046463";"д.26";""
"2735342";"Ленинградская обл., Волховский р-н, д. Новая, ";"14034067";"д.21";""
"2735342";"Ленинградская обл., Волховский р-н, д. Новая, ";"14108670";"д.57";""
"2735342";"Ленинградская обл., Волховский р-н, д. Новая, ";"14034037";"д.25\А";""
"2735342";"Ленинградская обл., Волховский р-н, д. Новая, ";"14049679";"д.Х";""
"2735342";"Ленинградская обл., Волховский р-н, д. Новая, ";"14067233";"д.34";""
"2735342";"Ленинградская обл., Волховский р-н, д. Новая, ";"14049939";"д.8";""
"2735242";"Ленинградская обл., Волховский р-н, д. Вячково, ";"10127321";"ая187442 ";""
"2735242";"Ленинградская обл., Волховский р-н, д. Вячково, ";"14054635";"д.Х";""
"2735242";"Ленинградская обл., Волховский р-н, д. Вячково, ";"14053388";"д.1";""
"2735287";"Ленинградская обл., Волховский р-н, д. Кипуя, ";"14044231";"д.25";""
"2735287";"Ленинградская обл., Волховский р-н, д. Кипуя, ";"14071943";"д.20";""
"2735287";"Ленинградская обл., Волховский р-н, д. Кипуя, ";"10073301";"ая187403 ";""
"2735287";"Ленинградская обл., Волховский р-н, д. Кипуя, ";"14037106";"д.9";""
"2735287";"Ленинградская обл., Волховский р-н, д. Кипуя, ";"14027046";"д.33";""
"2735291";"Ленинградская обл., Волховский р-н, д. Князево, ";"10167421";"ая187468 ";""
"2735291";"Ленинградская обл., Волховский р-н, д. Князево, ";"14038096";"д.5";""
"2735291";"Ленинградская обл., Волховский р-н, д. Князево, ";"14086986";"д.Х";""
"2735291";"Ленинградская обл., Волховский р-н, д. Князево, ";"14086955";"д.4";""
"2735311";"Ленинградская обл., Волховский р-н, д. Логиново, ";"10189133";"ая187435 ";""
"2735311";"Ленинградская обл., Волховский р-н, д. Логиново, ";"14047351";"д.1";""
"2735244";"Ленинградская обл., Волховский р-н, п/ст. Георгиевская, ";"10029880";"ая187434 ";""
"2735244";"Ленинградская обл., Волховский р-н, п/ст. Георгиевская, ";"14062231";"д.10";""
"2735383";"Ленинградская обл., Волховский р-н, д. Пурово, ";"14041341";"д.17";""
"2735383";"Ленинградская обл., Волховский р-н, д. Пурово, ";"10194094";"ая187401 ";""
"2735383";"Ленинградская обл., Волховский р-н, д. Пурово, ";"14087277";"д.Х";""
"3314107";"Ленинградская обл., Волховский р-н, д. Пурово, Монига мкр., ";"14050380";"д.10";""
"2735386";"Ленинградская обл., Волховский р-н, д. Реброво, ";"14062956";"д.Х";""
"3314109";"Ленинградская обл., Волховский р-н, д. Реброво, Северная ул., ";"14036473";"д.24";""
"3314112";"Ленинградская обл., Волховский р-н, д. Реброво, Центральная ул., ";"14657079";"д.10";""
"3314112";"Ленинградская обл., Волховский р-н, д. Реброво, Центральная ул., ";"14655062";"д.Х";""
"3314111";"Ленинградская обл., Волховский р-н, д. Реброво, Луговая ул., ";"14050733";"д.5";""
"3314110";"Ленинградская обл., Волховский р-н, д. Реброво, Набережная ул., ";"14034041";"д.11";""
"3314110";"Ленинградская обл., Волховский р-н, д. Реброво, Набережная ул., ";"14065750";"д.23";""
"2735386";"Ленинградская обл., Волховский р-н, д. Реброво, ";"10131916";"ая187439 ";""
"2735386";"Ленинградская обл., Волховский р-н, д. Реброво, ";"14058670";"д.20";""
"2735386";"Ленинградская обл., Волховский р-н, д. Реброво, ";"14068765";"д.30";""
"2735386";"Ленинградская обл., Волховский р-н, д. Реброво, ";"14087266";"д.4";""
"2735386";"Ленинградская обл., Волховский р-н, д. Реброво, ";"14081884";"д.7";""
"2735386";"Ленинградская обл., Волховский р-н, д. Реброво, ";"14038321";"д.5";""
"2735386";"Ленинградская обл., Волховский р-н, д. Реброво, ";"14021022";"д.36";""
"2735386";"Ленинградская обл., Волховский р-н, д. Реброво, ";"14062575";"д.18";""
"2735386";"Ленинградская обл., Волховский р-н, д. Реброво, ";"14057804";"д.1";""
"2735386";"Ленинградская обл., Волховский р-н, д. Реброво, ";"14053955";"д.6";""
"2735386";"Ленинградская обл., Волховский р-н, д. Реброво, ";"14039456";"д.3";""
"2735260";"Ленинградская обл., Волховский р-н, д. Ежева, ";"14036470";"д.26";""
"2735260";"Ленинградская обл., Волховский р-н, д. Ежева, ";"10038587";"ая187439 ";""
"2735260";"Ленинградская обл., Волховский р-н, д. Ежева, ";"14068480";"д.Х";""
"3314165";"Ленинградская обл., Волховский р-н, с. Старая Ладога, Советская ул., ";"14034017";"д.8";""
"3314165";"Ленинградская обл., Волховский р-н, с. Старая Ладога, Советская ул., ";"14113216";"д.3";""
"3314165";"Ленинградская обл., Волховский р-н, с. Старая Ладога, Советская ул., ";"14082835";"д.14";""
"3314165";"Ленинградская обл., Волховский р-н, с. Старая Ладога, Советская ул., ";"14046480";"д.16";""
"3314165";"Ленинградская обл., Волховский р-н, с. Старая Ладога, Советская ул., ";"14042947";"д.2";""
"3314165";"Ленинградская обл., Волховский р-н, с. Старая Ладога, Советская ул., ";"14038565";"д.26";""
"3314165";"Ленинградская обл., Волховский р-н, с. Старая Ладога, Советская ул., ";"14114781";"д.19";""
"3314165";"Ленинградская обл., Волховский р-н, с. Старая Ладога, Советская ул., ";"14017871";"д.6";""
"3314165";"Ленинградская обл., Волховский р-н, с. Старая Ладога, Советская ул., ";"14058148";"д.25";""
"3314165";"Ленинградская обл., Волховский р-н, с. Старая Ладога, Советская ул., ";"14032176";"д.24";""
"3314165";"Ленинградская обл., Волховский р-н, с. Старая Ладога, Советская ул., ";"14058884";"д.1";""
"3314165";"Ленинградская обл., Волховский р-н, с. Старая Ладога, Советская ул., ";"14027050";"д.29";""
"3314165";"Ленинградская обл., Волховский р-н, с. Старая Ладога, Советская ул., ";"14049634";"д.30";""
"3314165";"Ленинградская обл., Волховский р-н, с. Старая Ладога, Советская ул., ";"14021409";"д.28";""
"3314165";"Ленинградская обл., Волховский р-н, с. Старая Ладога, Советская ул., ";"14021425";"д.7";""
"3314165";"Ленинградская обл., Волховский р-н, с. Старая Ладога, Советская ул., ";"14073011";"д.23";""
"3314165";"Ленинградская обл., Волховский р-н, с. Старая Ладога, Советская ул., ";"14086883";"д.Х";""
"3314165";"Ленинградская обл., Волховский р-н, с. Старая Ладога, Советская ул., ";"14079265";"д.17";""
"3314165";"Ленинградская обл., Волховский р-н, с. Старая Ладога, Советская ул., ";"14103203";"д.25А";""
"3314165";"Ленинградская обл., Волховский р-н, с. Старая Ладога, Советская ул., ";"14071945";"нетр187412";""
"3314165";"Ленинградская обл., Волховский р-н, с. Старая Ладога, Советская ул., ";"14076154";"д.15";""
"3314165";"Ленинградская обл., Волховский р-н, с. Старая Ладога, Советская ул., ";"16716297";"д.25\А";""
"3314165";"Ленинградская обл., Волховский р-н, с. Старая Ладога, Советская ул., ";"14082834";"д.27";""
"2735409";"Ленинградская обл., Волховский р-н, с. Старая Ладога, ";"10172728";"ая187412 ";""
"3314150";"Ленинградская обл., Волховский р-н, с. Старая Ладога, Волховский пр-кт., ";"14066939";"д.12";""
"3314150";"Ленинградская обл., Волховский р-н, с. Старая Ладога, Волховский пр-кт., ";"14097893";"д.25";""
"3314150";"Ленинградская обл., Волховский р-н, с. Старая Ладога, Волховский пр-кт., ";"14038313";"д.13";""
"3314150";"Ленинградская обл., Волховский р-н, с. Старая Ладога, Волховский пр-кт., ";"14093704";"д.24";""
"3314150";"Ленинградская обл., Волховский р-н, с. Старая Ладога, Волховский пр-кт., ";"14027038";"д.4";""
"3314150";"Ленинградская обл., Волховский р-н, с. Старая Ладога, Волховский пр-кт., ";"14082827";"д.1";""
"3314150";"Ленинградская обл., Волховский р-н, с. Старая Ладога, Волховский пр-кт., ";"14027072";"д.7";""
"3314150";"Ленинградская обл., Волховский р-н, с. Старая Ладога, Волховский пр-кт., ";"14053008";"д.6";""
"3314150";"Ленинградская обл., Волховский р-н, с. Старая Ладога, Волховский пр-кт., ";"14111916";"д.7\А";""
"3314150";"Ленинградская обл., Волховский р-н, с. Старая Ладога, Волховский пр-кт., ";"14104804";"д.10";""
"3314150";"Ленинградская обл., Волховский р-н, с. Старая Ладога, Волховский пр-кт., ";"14103194";"д.17";"А"
"3314150";"Ленинградская обл., Волховский р-н, с. Старая Ладога, Волховский пр-кт., ";"14058888";"д.20";""
"3314150";"Ленинградская обл., Волховский р-н, с. Старая Ладога, Волховский пр-кт., ";"14042200";"д.15";""
"3314150";"Ленинградская обл., Волховский р-н, с. Старая Ладога, Волховский пр-кт., ";"14038572";"д.14";""
"3314150";"Ленинградская обл., Волховский р-н, с. Старая Ладога, Волховский пр-кт., ";"14058156";"д.19";""
"3314150";"Ленинградская обл., Волховский р-н, с. Старая Ладога, Волховский пр-кт., ";"14054424";"д.5";""
"3314150";"Ленинградская обл., Волховский р-н, с. Старая Ладога, Волховский пр-кт., ";"14058885";"д.2";""
"3314150";"Ленинградская обл., Волховский р-н, с. Старая Ладога, Волховский пр-кт., ";"14037085";"нетр187412";""
"3314150";"Ленинградская обл., Волховский р-н, с. Старая Ладога, Волховский пр-кт., ";"14045411";"д.Х";""
"3314150";"Ленинградская обл., Волховский р-н, с. Старая Ладога, Волховский пр-кт., ";"14056499";"д.9";""
"3314150";"Ленинградская обл., Волховский р-н, с. Старая Ладога, Волховский пр-кт., ";"14101974";"д.11";""
"3314150";"Ленинградская обл., Волховский р-н, с. Старая Ладога, Волховский пр-кт., ";"14074893";"д.34";""
"3314150";"Ленинградская обл., Волховский р-н, с. Старая Ладога, Волховский пр-кт., ";"14114802";"д.27";""
"3314150";"Ленинградская обл., Волховский р-н, с. Старая Ладога, Волховский пр-кт., ";"14076156";"д.16";""
"3314150";"Ленинградская обл., Волховский р-н, с. Старая Ладога, Волховский пр-кт., ";"14042969";"д.6А";""
"3314150";"Ленинградская обл., Волховский р-н, с. Старая Ладога, Волховский пр-кт., ";"14105528";"д.8";""
"3314150";"Ленинградская обл., Волховский р-н, с. Старая Ладога, Волховский пр-кт., ";"14074882";"д.17";""
"3314150";"Ленинградская обл., Волховский р-н, с. Старая Ладога, Волховский пр-кт., ";"14622434";"д.57";""
"3314152";"Ленинградская обл., Волховский р-н, с. Старая Ладога, Поземская ул., ";"14032201";"д.26";""
"3314152";"Ленинградская обл., Волховский р-н, с. Старая Ладога, Поземская ул., ";"14025852";"д.1";""
"3314152";"Ленинградская обл., Волховский р-н, с. Старая Ладога, Поземская ул., ";"14649297";"д.3А";""
"3314152";"Ленинградская обл., Волховский р-н, с. Старая Ладога, Поземская ул., ";"14039432";"нетр187412";""
"3314152";"Ленинградская обл., Волховский р-н, с. Старая Ладога, Поземская ул., ";"14022296";"д.42";""
"3314152";"Ленинградская обл., Волховский р-н, с. Старая Ладога, Поземская ул., ";"14042211";"д.7";""
"3314152";"Ленинградская обл., Волховский р-н, с. Старая Ладога, Поземская ул., ";"14068744";"д.22";""
"3314152";"Ленинградская обл., Волховский р-н, с. Старая Ладога, Поземская ул., ";"14058150";"д.40";""
"3314152";"Ленинградская обл., Волховский р-н, с. Старая Ладога, Поземская ул., ";"14085329";"д.12";""
"3314152";"Ленинградская обл., Волховский р-н, с. Старая Ладога, Поземская ул., ";"14106684";"д.28";""
"3314152";"Ленинградская обл., Волховский р-н, с. Старая Ладога, Поземская ул., ";"14095183";"д.30";""
"3314152";"Ленинградская обл., Волховский р-н, с. Старая Ладога, Поземская ул., ";"14111917";"д.35";""
"3314164";"Ленинградская обл., Волховский р-н, с. Старая Ладога, Новая ул., ";"14077644";"д.6";""
"3314164";"Ленинградская обл., Волховский р-н, с. Старая Ладога, Новая ул., ";"14097936";"д.10";""
"3314164";"Ленинградская обл., Волховский р-н, с. Старая Ладога, Новая ул., ";"14041388";"д.4";""
"3314156";"Ленинградская обл., Волховский р-н, с. Старая Ладога, Еленинский пер., ";"14068782";"д.12";""
"3314156";"Ленинградская обл., Волховский р-н, с. Старая Ладога, Еленинский пер., ";"14079274";"д.13";""
"3314156";"Ленинградская обл., Волховский р-н, с. Старая Ладога, Еленинский пер., ";"14064203";"д.2";""
"3314156";"Ленинградская обл., Волховский р-н, с. Старая Ладога, Еленинский пер., ";"14068493";"д.Х";""
"3314157";"Ленинградская обл., Волховский р-н, с. Старая Ладога, Музейный пер., ";"14064204";"д.9";""
"3314157";"Ленинградская обл., Волховский р-н, с. Старая Ладога, Музейный пер., ";"14108671";"д.2";""
"3314157";"Ленинградская обл., Волховский р-н, с. Старая Ладога, Музейный пер., ";"14062514";"д.11";""
"3314163";"Ленинградская обл., Волховский р-н, с. Старая Ладога, Успенский пер., ";"14052162";"д.Х";""
"3314163";"Ленинградская обл., Волховский р-н, с. Старая Ладога, Успенский пер., ";"14036480";"д.7";""
"3314160";"Ленинградская обл., Волховский р-н, с. Старая Ладога, Волховский пер., ";"14105539";"д.5";""
"3314160";"Ленинградская обл., Волховский р-н, с. Старая Ладога, Волховский пер., ";"14038563";"д.14";""
"3314160";"Ленинградская обл., Волховский р-н, с. Старая Ладога, Волховский пер., ";"14038564";"д.6";""
"3314160";"Ленинградская обл., Волховский р-н, с. Старая Ладога, Волховский пер., ";"14089173";"д.1";""
"3314160";"Ленинградская обл., Волховский р-н, с. Старая Ладога, Волховский пер., ";"14086848";"д.4";""
"3314160";"Ленинградская обл., Волховский р-н, с. Старая Ладога, Волховский пер., ";"14114800";"д.12";""
"3314160";"Ленинградская обл., Волховский р-н, с. Старая Ладога, Волховский пер., ";"14111920";"д.7";""
"3314160";"Ленинградская обл., Волховский р-н, с. Старая Ладога, Волховский пер., ";"14049636";"д.2";""
"3314159";"Ленинградская обл., Волховский р-н, с. Старая Ладога, Набережная ул., ";"14096358";"д.Х";""
"3314159";"Ленинградская обл., Волховский р-н, с. Старая Ладога, Набережная ул., ";"14027048";"д.8";""
"3314158";"Ленинградская обл., Волховский р-н, с. Старая Ладога, Мебельный пер., ";"14039431";"д.1";""
"3314155";"Ленинградская обл., Волховский р-н, с. Старая Ладога, Никольская ул., ";"14077608";"д.3";""
"3314155";"Ленинградская обл., Волховский р-н, с. Старая Ладога, Никольская ул., ";"14054631";"д.1";""
"3314155";"Ленинградская обл., Волховский р-н, с. Старая Ладога, Никольская ул., ";"14041387";"д.Х";""
"3314154";"Ленинградская обл., Волховский р-н, с. Старая Ладога, Варяжская ул., ";"14034060";"д.5";""
"3314154";"Ленинградская обл., Волховский р-н, с. Старая Ладога, Варяжская ул., ";"14058855";"д.9";""
"3314154";"Ленинградская обл., Волховский р-н, с. Старая Ладога, Варяжская ул., ";"14089485";"д.15";""
"3314153";"Ленинградская обл., Волховский р-н, с. Старая Ладога, Культуры ул., ";"14096357";"д.Х";""
"3314153";"Ленинградская обл., Волховский р-н, с. Старая Ладога, Культуры ул., ";"14056556";"д.11";""
"3314153";"Ленинградская обл., Волховский р-н, с. Старая Ладога, Культуры ул., ";"14054423";"д.4";""
"3314153";"Ленинградская обл., Волховский р-н, с. Старая Ладога, Культуры ул., ";"14061337";"д.1";""
"3314153";"Ленинградская обл., Волховский р-н, с. Старая Ладога, Культуры ул., ";"14064214";"д.9";""
"3314153";"Ленинградская обл., Волховский р-н, с. Старая Ладога, Культуры ул., ";"14086849";"д.13";""
"3314153";"Ленинградская обл., Волховский р-н, с. Старая Ладога, Культуры ул., ";"14043851";"д.3";""
"3314153";"Ленинградская обл., Волховский р-н, с. Старая Ладога, Культуры ул., ";"14101937";"нетр187412";""
"3314153";"Ленинградская обл., Волховский р-н, с. Старая Ладога, Культуры ул., ";"14033820";"д.24";""
"2735371";"Ленинградская обл., Волховский р-н, д. Подъелье, ";"14109067";"д.3";""
"2735371";"Ленинградская обл., Волховский р-н, д. Подъелье, ";"14084714";"д.15";""
"2735371";"Ленинградская обл., Волховский р-н, д. Подъелье, ";"10187112";"ая187460 ";""
"2735308";"Ленинградская обл., Волховский р-н, д. Лахта, ";"14036493";"д.2";""
"2735308";"Ленинградская обл., Волховский р-н, д. Лахта, ";"14070113";"д.4";""
"2735308";"Ленинградская обл., Волховский р-н, д. Лахта, ";"14097908";"д.Х";""
"2735308";"Ленинградская обл., Волховский р-н, д. Лахта, ";"10197548";"ая187423 ";""
"2735308";"Ленинградская обл., Волховский р-н, д. Лахта, ";"14103184";"д.3";""
"2735343";"Ленинградская обл., Волховский р-н, д. Новина, ";"10118535";"ая187465 ";""
"2735450";"Ленинградская обл., Волховский р-н, д. Юхора, ";"10200594";"ая187435 ";""
"2735327";"Ленинградская обл., Волховский р-н, д. Мелекса, ";"14062999";"д.21";""
"2735327";"Ленинградская обл., Волховский р-н, д. Мелекса, ";"14074905";"д.30";""
"2735327";"Ленинградская обл., Волховский р-н, д. Мелекса, ";"14097558";"д.Х";""
"2735327";"Ленинградская обл., Волховский р-н, д. Мелекса, ";"14107542";"д.34";""
"2735327";"Ленинградская обл., Волховский р-н, д. Мелекса, ";"10092106";"ая187435 ";""
"2735222";"Ленинградская обл., Волховский р-н, д. Братовище, ";"10176783";"ая187414 ";""
"2735222";"Ленинградская обл., Волховский р-н, д. Братовище, ";"14037098";"д.11";""
"2735222";"Ленинградская обл., Волховский р-н, д. Братовище, ";"14114405";"д.15";""
"2735222";"Ленинградская обл., Волховский р-н, д. Братовище, ";"14033825";"д.1";""
"2735222";"Ленинградская обл., Волховский р-н, д. Братовище, ";"14025840";"д.3";""
"2735471";"Ленинградская обл., Волховский р-н, снт. Авровская картонная фабрика, ";"10200318";"ая187432 ";""
"2735412";"Ленинградская обл., Волховский р-н, д. Сторожно, ";"10055644";"ая187429 ";""
"2735412";"Ленинградская обл., Волховский р-н, д. Сторожно, ";"14043831";"д.34";""
"2735412";"Ленинградская обл., Волховский р-н, д. Сторожно, ";"14099130";"д.13";""
"2735412";"Ленинградская обл., Волховский р-н, д. Сторожно, ";"14104836";"д.23";""
"2735361";"Ленинградская обл., Волховский р-н, д. Печеничино, ";"14098789";"д.3";""
"2735361";"Ленинградская обл., Волховский р-н, д. Печеничино, ";"10150660";"ая187460 ";""
"2735455";"Ленинградская обл., Волховский р-н, д. Зеленец, ";"14067464";"д.Х";""
"2735455";"Ленинградская обл., Волховский р-н, д. Зеленец, ";"14076963";"д.57";""
"2735455";"Ленинградская обл., Волховский р-н, д. Зеленец, ";"14086926";"д.34";""
"2735455";"Ленинградская обл., Волховский р-н, д. Зеленец, ";"14087003";"д.18";""
"2735455";"Ленинградская обл., Волховский р-н, д. Зеленец, ";"14079304";"д.11";""
"2735455";"Ленинградская обл., Волховский р-н, д. Зеленец, ";"14070139";"нетр187470";""
"2735455";"Ленинградская обл., Волховский р-н, д. Зеленец, ";"14030239";"д.17";""
"2735455";"Ленинградская обл., Волховский р-н, д. Зеленец, ";"14060959";"д.21";""
"2735455";"Ленинградская обл., Волховский р-н, д. Зеленец, ";"10139008";"ая187442 ";""
"2735332";"Ленинградская обл., Волховский р-н, д. Мыслино, ";"14038367";"д.7";""
"2735332";"Ленинградская обл., Волховский р-н, д. Мыслино, ";"14101960";"д.45";""
"2735332";"Ленинградская обл., Волховский р-н, д. Мыслино, ";"14072723";"д.77";""
"2735332";"Ленинградская обл., Волховский р-н, д. Мыслино, ";"14107905";"д.86";""
"2735332";"Ленинградская обл., Волховский р-н, д. Мыслино, ";"14101957";"д.6";""
"2735332";"Ленинградская обл., Волховский р-н, д. Мыслино, ";"14114805";"д.Х";""
"2735332";"Ленинградская обл., Волховский р-н, д. Мыслино, ";"14090752";"д.1";""
"2735332";"Ленинградская обл., Волховский р-н, д. Мыслино, ";"14114470";"д.72";""
"2735332";"Ленинградская обл., Волховский р-н, д. Мыслино, ";"14086857";"д.87";""
"2735332";"Ленинградская обл., Волховский р-н, д. Мыслино, ";"14104832";"д.41";""
"2735332";"Ленинградская обл., Волховский р-н, д. Мыслино, ";"14039442";"д.61";""
"2735332";"Ленинградская обл., Волховский р-н, д. Мыслино, ";"14042953";"д.14";""
"2735332";"Ленинградская обл., Волховский р-н, д. Мыслино, ";"10191625";"ая187442 ";""
"2735231";"Ленинградская обл., Волховский р-н, д. Вишняков Посад, ";"14080492";"д.14";""
"2735231";"Ленинградская обл., Волховский р-н, д. Вишняков Посад, ";"10206871";"ая187468 ";""
"2735406";"Ленинградская обл., Волховский р-н, п. Сорзуй, ";"14107854";"д.18";""
"2735406";"Ленинградская обл., Волховский р-н, п. Сорзуй, ";"14058173";"д.Х";""
"3314145";"Ленинградская обл., Волховский р-н, п. Сорзуй, Речная ул., ";"14109904";"д.9\А";""
"3314145";"Ленинградская обл., Волховский р-н, п. Сорзуй, Речная ул., ";"14067261";"д.18";""
"2735406";"Ленинградская обл., Волховский р-н, п. Сорзуй, ";"14099161";"д.1";""
"2735406";"Ленинградская обл., Волховский р-н, п. Сорзуй, ";"14071387";"д.6";""
"2735406";"Ленинградская обл., Волховский р-н, п. Сорзуй, ";"14067260";"д.2";""
"2735406";"Ленинградская обл., Волховский р-н, п. Сорзуй, ";"10157571";"ая187465 ";""
"2735431";"Ленинградская обл., Волховский р-н, д. Усть-Рыбежно, ";"14058904";"д.4";""
"2735431";"Ленинградская обл., Волховский р-н, д. Усть-Рыбежно, ";"14046660";"д.25";""
"2735431";"Ленинградская обл., Волховский р-н, д. Усть-Рыбежно, ";"14043829";"д.2";""
"2735431";"Ленинградская обл., Волховский р-н, д. Усть-Рыбежно, ";"14049942";"д.30";""
"2735431";"Ленинградская обл., Волховский р-н, д. Усть-Рыбежно, ";"10097916";"ая187462 ";""
"2735431";"Ленинградская обл., Волховский р-н, д. Усть-Рыбежно, ";"14035904";"д.29";""
"2735431";"Ленинградская обл., Волховский р-н, д. Усть-Рыбежно, ";"14087253";"д.1";""
"2735431";"Ленинградская обл., Волховский р-н, д. Усть-Рыбежно, ";"14079288";"д.20";""
"2735431";"Ленинградская обл., Волховский р-н, д. Усть-Рыбежно, ";"14109032";"д.32";""
"2735431";"Ленинградская обл., Волховский р-н, д. Усть-Рыбежно, ";"14048655";"д.Х";""
"2735431";"Ленинградская обл., Волховский р-н, д. Усть-Рыбежно, ";"14048281";"д.16";""
"2735415";"Ленинградская обл., Волховский р-н, д. Сумское, ";"14106681";"д.1";""
"2735415";"Ленинградская обл., Волховский р-н, д. Сумское, ";"14097932";"д.Х";""
"2735415";"Ленинградская обл., Волховский р-н, д. Сумское, ";"10151075";"ая187450 ";""
"2735451";"Ленинградская обл., Волховский р-н, д. Юшково, ";"14108713";"д.5";""
"2735451";"Ленинградская обл., Волховский р-н, д. Юшково, ";"14057761";"д.8";""
"3314180";"Ленинградская обл., Волховский р-н, д. Юшково, Новоладожская ул., ";"14093598";"д.3";""
"2735451";"Ленинградская обл., Волховский р-н, д. Юшково, ";"14056545";"д.28";""
"2735451";"Ленинградская обл., Волховский р-н, д. Юшково, ";"14037118";"д.26";""
"2735451";"Ленинградская обл., Волховский р-н, д. Юшково, ";"14083702";"нетр187430";""
"2735451";"Ленинградская обл., Волховский р-н, д. Юшково, ";"14036468";"д.29";""
"2735451";"Ленинградская обл., Волховский р-н, д. Юшково, ";"14080484";"д.34";""
"2735451";"Ленинградская обл., Волховский р-н, д. Юшково, ";"14065339";"д.1\А";""
"2735451";"Ленинградская обл., Волховский р-н, д. Юшково, ";"14043833";"д.Х";""
"2735451";"Ленинградская обл., Волховский р-н, д. Юшково, ";"14021435";"д.25\А";""
"2735451";"Ленинградская обл., Волховский р-н, д. Юшково, ";"14022302";"д.1";""
"2735451";"Ленинградская обл., Волховский р-н, д. Юшково, ";"14062571";"д.47";""
"2735451";"Ленинградская обл., Волховский р-н, д. Юшково, ";"14049670";"д.6";""
"2735451";"Ленинградская обл., Волховский р-н, д. Юшково, ";"14021434";"д.46";""
"2735451";"Ленинградская обл., Волховский р-н, д. Юшково, ";"14021436";"д.17";""
"2735451";"Ленинградская обл., Волховский р-н, д. Юшково, ";"14038128";"д.10";""
"2735451";"Ленинградская обл., Волховский р-н, д. Юшково, ";"14068500";"д.45";""
"2735451";"Ленинградская обл., Волховский р-н, д. Юшково, ";"14058872";"д.41";""
"2735451";"Ленинградская обл., Волховский р-н, д. Юшково, ";"10177044";"ая187453 ";""
"2735230";"Ленинградская обл., Волховский р-н, д. Весь, ";"14105999";"д.2";""
"2735230";"Ленинградская обл., Волховский р-н, д. Весь, ";"10110769";"ая187430 ";""
"2735230";"Ленинградская обл., Волховский р-н, д. Весь, ";"14097564";"стр.1А";""
"2735230";"Ленинградская обл., Волховский р-н, д. Весь, ";"14091050";"д.17";""
"2735230";"Ленинградская обл., Волховский р-н, д. Весь, ";"14031511";"д.19";""
"2735230";"Ленинградская обл., Волховский р-н, д. Весь, ";"10207174";"ая187423 ";""
"2735229";"Ленинградская обл., Волховский р-н, д. Верховина, ";"14050738";"д.11";""
"2735229";"Ленинградская обл., Волховский р-н, д. Верховина, ";"14057802";"д.4";""
"2735229";"Ленинградская обл., Волховский р-н, д. Верховина, ";"14088147";"д.22";""
"2735229";"Ленинградская обл., Волховский р-н, д. Верховина, ";"14081915";"д.54";""
"2735229";"Ленинградская обл., Волховский р-н, д. Верховина, ";"14030254";"д.1";""
"2735229";"Ленинградская обл., Волховский р-н, д. Верховина, ";"14066982";"д.12";""
"2735229";"Ленинградская обл., Волховский р-н, д. Верховина, ";"14043838";"д.50";""
"2735229";"Ленинградская обл., Волховский р-н, д. Верховина, ";"14043837";"д.Х";""
"2735229";"Ленинградская обл., Волховский р-н, д. Верховина, ";"10110767";"ая187442 ";""
"2735473";"Ленинградская обл., Волховский р-н, снт. Славково, ";"10057542";"ая187442 ";""
"2735472";"Ленинградская обл., Волховский р-н, снт. Урожай, ";"10144222";"ая187442 ";""
"2735468";"Ленинградская обл., Волховский р-н, снт. Лесной-7, ";"10142398";"ая187406 ";""
"2735467";"Ленинградская обл., Волховский р-н, снт. Перевоз, ";"10116773";"ая187432 ";""
"2735459";"Ленинградская обл., Волховский р-н, д. Столбово, ";"14043832";"д.1";""
"2735459";"Ленинградская обл., Волховский р-н, д. Столбово, ";"10176951";"ая187435 ";""
"2735459";"Ленинградская обл., Волховский р-н, д. Столбово, ";"14093486";"д.9";""
"2735431";"Ленинградская обл., Волховский р-н, д. Усть-Рыбежно, ";"14058900";"д.3";""
"2735458";"Ленинградская обл., Волховский р-н, п/ст. Юги, ";"14091478";"д.Х";""
"2735458";"Ленинградская обл., Волховский р-н, п/ст. Юги, ";"14058690";"д.5";""
"2735458";"Ленинградская обл., Волховский р-н, п/ст. Юги, ";"14113215";"д.2";""
"2735458";"Ленинградская обл., Волховский р-н, п/ст. Юги, ";"14106668";"д.16";""
"2735458";"Ленинградская обл., Волховский р-н, п/ст. Юги, ";"14038111";"д.1";""
"2735458";"Ленинградская обл., Волховский р-н, п/ст. Юги, ";"14039463";"д.17";""
"2735458";"Ленинградская обл., Волховский р-н, п/ст. Юги, ";"10035977";"ая187423 ";""
"2735457";"Ленинградская обл., Волховский р-н, п/ст. Мыслино, ";"10134430";"ая187442 ";""
"2735453";"Ленинградская обл., Волховский р-н, д. Яхновщина, ";"10147850";"ая187439 ";""
"2735453";"Ленинградская обл., Волховский р-н, д. Яхновщина, ";"14087270";"д.1";""
"2735453";"Ленинградская обл., Волховский р-н, д. Яхновщина, ";"14048253";"д.33";""
"2735453";"Ленинградская обл., Волховский р-н, д. Яхновщина, ";"14022282";"д.Х";""
"2735452";"Ленинградская обл., Волховский р-н, д. Яхново, ";"14087217";"д.2";""
"2735452";"Ленинградская обл., Волховский р-н, д. Яхново, ";"14039451";"д.17";""
"3314184";"Ленинградская обл., Волховский р-н, д. Яхново, Дачная ул., ";"14617251";"д.15";""
"3314184";"Ленинградская обл., Волховский р-н, д. Яхново, Дачная ул., ";"14062531";"д.23";""
"3314184";"Ленинградская обл., Волховский р-н, д. Яхново, Дачная ул., ";"14063003";"д.3";""
"3314183";"Ленинградская обл., Волховский р-н, д. Яхново, Песочная ул., ";"14107548";"д.2";""
"3314183";"Ленинградская обл., Волховский р-н, д. Яхново, Песочная ул., ";"14066947";"д.10\А";""
"2735452";"Ленинградская обл., Волховский р-н, д. Яхново, ";"10114875";"ая187439 ";""
"2735452";"Ленинградская обл., Волховский р-н, д. Яхново, ";"14090690";"д.1";""
"2735452";"Ленинградская обл., Волховский р-н, д. Яхново, ";"14105959";"д.10";""
"2735452";"Ленинградская обл., Волховский р-н, д. Яхново, ";"14101966";"д.Х";""
"2735449";"Ленинградская обл., Волховский р-н, д. Юги, ";"10082467";"ая187423 ";""
"2735439";"Ленинградская обл., Волховский р-н, д. Чаплино, ";"10073659";"ая187460 ";""
"2735439";"Ленинградская обл., Волховский р-н, д. Чаплино, ";"14058696";"д.15";""
"2735439";"Ленинградская обл., Волховский р-н, д. Чаплино, ";"10206340";"ая187413 ";""
"2735439";"Ленинградская обл., Волховский р-н, д. Чаплино, ";"14037095";"д.3";""
"2735439";"Ленинградская обл., Волховский р-н, д. Чаплино, ";"14098791";"д.2";""
"2735439";"Ленинградская обл., Волховский р-н, д. Чаплино, ";"14038121";"д.1";""
"2735439";"Ленинградская обл., Волховский р-н, д. Чаплино, ";"14041342";"д.62";""
"2735439";"Ленинградская обл., Волховский р-н, д. Чаплино, ";"14053906";"д.Х";""
"2735437";"Ленинградская обл., Волховский р-н, д. Хотово, ";"14106342";"д.39";""
"2735437";"Ленинградская обл., Волховский р-н, д. Хотово, ";"10088841";"ая187401 ";""
"2735437";"Ленинградская обл., Волховский р-н, д. Хотово, ";"14027911";"д.Х";""
"2735436";"Ленинградская обл., Волховский р-н, д. Хмелевик, ";"14101961";"д.7";""
"2735436";"Ленинградская обл., Волховский р-н, д. Хмелевик, ";"10183361";"ая187423 ";""
"2735436";"Ленинградская обл., Волховский р-н, д. Хмелевик, ";"14095199";"д.10";""
"2735433";"Ленинградская обл., Волховский р-н, д. Харчевня, ";"10027474";"ая187413 ";""
"2735432";"Ленинградская обл., Волховский р-н, д. Хамонтово, ";"14040734";"д.Х";""
"2735432";"Ленинградская обл., Волховский р-н, д. Хамонтово, ";"10027473";"ая187439 ";""
"2735432";"Ленинградская обл., Волховский р-н, д. Хамонтово, ";"14113174";"д.43";""
"2735432";"Ленинградская обл., Волховский р-н, д. Хамонтово, ";"14025789";"д.1";""
"2735432";"Ленинградская обл., Волховский р-н, д. Хамонтово, ";"14087267";"д.35";""
"2735432";"Ленинградская обл., Волховский р-н, д. Хамонтово, ";"14053907";"д.2";""
"2735432";"Ленинградская обл., Волховский р-н, д. Хамонтово, ";"14082847";"д.29";""
"2735430";"Ленинградская обл., Волховский р-н, д. Устеево, ";"14083671";"д.14";""
"2735430";"Ленинградская обл., Волховский р-н, д. Устеево, ";"10096856";"ая187461 ";""
"2735430";"Ленинградская обл., Волховский р-н, д. Устеево, ";"14074502";"д.Х";""
"2735430";"Ленинградская обл., Волховский р-н, д. Устеево, ";"14108687";"д.5";""
"2735427";"Ленинградская обл., Волховский р-н, д. Ульяшево, ";"14062572";"д.3";""
"2735427";"Ленинградская обл., Волховский р-н, д. Ульяшево, ";"10131247";"ая187414 ";""
"2735422";"Ленинградская обл., Волховский р-н, д. Теребуня, ";"14107880";"д.2";""
"2735422";"Ленинградская обл., Волховский р-н, д. Теребуня, ";"14090370";"д.8";""
"2735422";"Ленинградская обл., Волховский р-н, д. Теребуня, ";"14036440";"д.Х";""
"2735422";"Ленинградская обл., Волховский р-н, д. Теребуня, ";"10210183";"ая187435 ";""
"2735421";"Ленинградская обл., Волховский р-н, д. Теребочево, ";"14056526";"д.Х";""
"2735421";"Ленинградская обл., Волховский р-н, д. Теребочево, ";"14053382";"д.20";""
"2735421";"Ленинградская обл., Волховский р-н, д. Теребочево, ";"10038053";"ая187401 ";""
"2735421";"Ленинградская обл., Волховский р-н, д. Теребочево, ";"14059954";"д.26";""
"2735421";"Ленинградская обл., Волховский р-н, д. Теребочево, ";"14046471";"д.21";""
"2735421";"Ленинградская обл., Волховский р-н, д. Теребочево, ";"14050775";"д.1";""
"2735418";"Ленинградская обл., Волховский р-н, д. Тайбольское, ";"10095440";"ая187462 ";""
"2735418";"Ленинградская обл., Волховский р-н, д. Тайбольское, ";"14068516";"д.5\А";""
"2735418";"Ленинградская обл., Волховский р-н, д. Тайбольское, ";"14107536";"д.17";""
"2735418";"Ленинградская обл., Волховский р-н, д. Тайбольское, ";"14048653";"д.4";""
"2735418";"Ленинградская обл., Волховский р-н, д. Тайбольское, ";"14065740";"д.14";""
"2735418";"Ленинградская обл., Волховский р-н, д. Тайбольское, ";"14067428";"д.16";""
"2735416";"Ленинградская обл., Волховский р-н, д. Сырецкое, ";"14099173";"д.Х";""
"2735416";"Ленинградская обл., Волховский р-н, д. Сырецкое, ";"14113178";"д.22";""
"2735416";"Ленинградская обл., Волховский р-н, д. Сырецкое, ";"14052991";"д.1";""
"2735416";"Ленинградская обл., Волховский р-н, д. Сырецкое, ";"10185370";"ая187435 ";""
"2735416";"Ленинградская обл., Волховский р-н, д. Сырецкое, ";"14068526";"д.11";""
"2735416";"Ленинградская обл., Волховский р-н, д. Сырецкое, ";"14101971";"д.24";""
"2735414";"Ленинградская обл., Волховский р-н, д. Судемье, ";"10185369";"ая187432 ";""
"2735414";"Ленинградская обл., Волховский р-н, д. Судемье, ";"14090784";"д.11";""
"2735414";"Ленинградская обл., Волховский р-н, д. Судемье, ";"14038303";"д.8";""
"2735413";"Ленинградская обл., Волховский р-н, д. Страшево, ";"10164455";"ая187439 ";""
"2735411";"Ленинградская обл., Волховский р-н, д. Старково, ";"10151074";"ая187435 ";""
"2735411";"Ленинградская обл., Волховский р-н, д. Старково, ";"14036439";"д.11";""
"2735411";"Ленинградская обл., Волховский р-н, д. Старково, ";"14030260";"д.15";""
"2735411";"Ленинградская обл., Волховский р-н, д. Старково, ";"14038101";"д.Х";""
"2735410";"Ленинградская обл., Волховский р-н, д. Старая Силовая, ";"14058192";"д.7";""
"2735410";"Ленинградская обл., Волховский р-н, д. Старая Силовая, ";"14056559";"д.12";""
"2735410";"Ленинградская обл., Волховский р-н, д. Старая Силовая, ";"14067266";"д.10";""
"2735410";"Ленинградская обл., Волховский р-н, д. Старая Силовая, ";"14105987";"д.2";""
"2735410";"Ленинградская обл., Волховский р-н, д. Старая Силовая, ";"14079277";"д.1";""
"2735410";"Ленинградская обл., Волховский р-н, д. Старая Силовая, ";"10055643";"ая187461 ";""
"2735408";"Ленинградская обл., Волховский р-н, д. Спирово, ";"14048309";"нетр187464";""
"2735408";"Ленинградская обл., Волховский р-н, д. Спирово, ";"14114457";"д.3";""
"2735408";"Ленинградская обл., Волховский р-н, д. Спирово, ";"14041384";"д.1";""
"2735408";"Ленинградская обл., Волховский р-н, д. Спирово, ";"10037984";"ая187465 ";""
"2735405";"Ленинградская обл., Волховский р-н, д. Сонино, ";"14106006";"д.1";""
"2735405";"Ленинградская обл., Волховский р-н, д. Сонино, ";"14066963";"д.Х";""
"2735405";"Ленинградская обл., Волховский р-н, д. Сонино, ";"10178002";"ая187426 ";""
"2735404";"Ленинградская обл., Волховский р-н, д. Соловьево, ";"14068733";"д.6";""
"2735404";"Ленинградская обл., Волховский р-н, д. Соловьево, ";"10083814";"ая187413 ";""
"2735402";"Ленинградская обл., Волховский р-н, д. Славково, ";"14049657";"д.Х";""
"2735402";"Ленинградская обл., Волховский р-н, д. Славково, ";"14033853";"д.1";""
"2735402";"Ленинградская обл., Волховский р-н, д. Славково, ";"14038300";"д.9";""
"2735402";"Ленинградская обл., Волховский р-н, д. Славково, ";"14037122";"д.2";""
"2735402";"Ленинградская обл., Волховский р-н, д. Славково, ";"10106456";"ая187442 ";""
"2735400";"Ленинградская обл., Волховский р-н, д. Сельцо-Горка, ";"14103190";"д.1";""
"2735400";"Ленинградская обл., Волховский р-н, д. Сельцо-Горка, ";"14077638";"д.Х";""
"2735400";"Ленинградская обл., Волховский р-н, д. Сельцо-Горка, ";"10057821";"ая187412 ";""
"2735399";"Ленинградская обл., Волховский р-н, д. Селиверстово, ";"14027076";"д.18";""
"2735399";"Ленинградская обл., Волховский р-н, д. Селиверстово, ";"14017913";"д.1";""
"2735399";"Ленинградская обл., Волховский р-н, д. Селиверстово, ";"14092387";"д.19";""
"2735399";"Ленинградская обл., Волховский р-н, д. Селиверстово, ";"14114407";"д.Х";""
"2735399";"Ленинградская обл., Волховский р-н, д. Селиверстово, ";"10157570";"ая187413 ";""
"3314138";"Ленинградская обл., Волховский р-н, п. Селиваново, Советская ул., ";"14060944";"д.20";""
"3314138";"Ленинградская обл., Волховский р-н, п. Селиваново, Советская ул., ";"14053953";"д.14";""
"3314138";"Ленинградская обл., Волховский р-н, п. Селиваново, Советская ул., ";"14107889";"д.16";""
"3314138";"Ленинградская обл., Волховский р-н, п. Селиваново, Советская ул., ";"14062570";"д.8";""
"3314138";"Ленинградская обл., Волховский р-н, п. Селиваново, Советская ул., ";"14026691";"д.18";""
"3314138";"Ленинградская обл., Волховский р-н, п. Селиваново, Советская ул., ";"14058861";"д.12";""
"3314138";"Ленинградская обл., Волховский р-н, п. Селиваново, Советская ул., ";"14030267";"д.6";""
"3314138";"Ленинградская обл., Волховский р-н, п. Селиваново, Советская ул., ";"14104801";"д.17";""
"3314138";"Ленинградская обл., Волховский р-н, п. Селиваново, Советская ул., ";"14108717";"д.3";""
"3314138";"Ленинградская обл., Волховский р-н, п. Селиваново, Советская ул., ";"14076197";"д.13";""
"3314138";"Ленинградская обл., Волховский р-н, п. Селиваново, Советская ул., ";"14068767";"д.1";""
"3314138";"Ленинградская обл., Волховский р-н, п. Селиваново, Советская ул., ";"14034080";"д.10";""
"3314138";"Ленинградская обл., Волховский р-н, п. Селиваново, Советская ул., ";"14106007";"д.Х";""
"3314138";"Ленинградская обл., Волховский р-н, п. Селиваново, Советская ул., ";"14101968";"д.7";""
"2735398";"Ленинградская обл., Волховский р-н, п. Селиваново, ";"10059444";"ая187422 ";""
"3314139";"Ленинградская обл., Волховский р-н, п. Селиваново, Торфяников ул., ";"14082844";"д.4";""
"3314139";"Ленинградская обл., Волховский р-н, п. Селиваново, Торфяников ул., ";"14086906";"д.6";""
"3314139";"Ленинградская обл., Волховский р-н, п. Селиваново, Торфяников ул., ";"14096342";"д.5";""
"3314139";"Ленинградская обл., Волховский р-н, п. Селиваново, Торфяников ул., ";"14114413";"д.7";""
"3314139";"Ленинградская обл., Волховский р-н, п. Селиваново, Торфяников ул., ";"14036434";"д.16";""
"3314139";"Ленинградская обл., Волховский р-н, п. Селиваново, Торфяников ул., ";"14604540";"д.Х";""
"3314139";"Ленинградская обл., Волховский р-н, п. Селиваново, Торфяников ул., ";"14077624";"д.2\А";""
"3314139";"Ленинградская обл., Волховский р-н, п. Селиваново, Торфяников ул., ";"14063002";"д.20";""
"3314139";"Ленинградская обл., Волховский р-н, п. Селиваново, Торфяников ул., ";"14062542";"д.8";""
"3314139";"Ленинградская обл., Волховский р-н, п. Селиваново, Торфяников ул., ";"14038103";"д.9";""
"3314139";"Ленинградская обл., Волховский р-н, п. Селиваново, Торфяников ул., ";"14097923";"д.10";""
"3314139";"Ленинградская обл., Волховский р-н, п. Селиваново, Торфяников ул., ";"14077595";"д.17";""
"3314139";"Ленинградская обл., Волховский р-н, п. Селиваново, Торфяников ул., ";"14107877";"д.21";""
"3314139";"Ленинградская обл., Волховский р-н, п. Селиваново, Торфяников ул., ";"14080472";"д.2";""
"3314139";"Ленинградская обл., Волховский р-н, п. Селиваново, Торфяников ул., ";"14096362";"д.12";""
"3314139";"Ленинградская обл., Волховский р-н, п. Селиваново, Торфяников ул., ";"14593651";"д.15";""
"3314143";"Ленинградская обл., Волховский р-н, п. Селиваново, Мира ул., ";"14097915";"д.7";""
"3314143";"Ленинградская обл., Волховский р-н, п. Селиваново, Мира ул., ";"14062940";"д.6";""
"3314143";"Ленинградская обл., Волховский р-н, п. Селиваново, Мира ул., ";"14070106";"д.3";""
"3314143";"Ленинградская обл., Волховский р-н, п. Селиваново, Мира ул., ";"14106704";"д.5";""
"3314143";"Ленинградская обл., Волховский р-н, п. Селиваново, Мира ул., ";"14097573";"д.2";""
"3314143";"Ленинградская обл., Волховский р-н, п. Селиваново, Мира ул., ";"14096361";"д.1";""
"3314143";"Ленинградская обл., Волховский р-н, п. Селиваново, Мира ул., ";"14103211";"д.4";""
"3314144";"Ленинградская обл., Волховский р-н, п. Селиваново, Новая ул., ";"14108674";"нетр187422";""
"3314144";"Ленинградская обл., Волховский р-н, п. Селиваново, Новая ул., ";"14062568";"д.6";""
"3314144";"Ленинградская обл., Волховский р-н, п. Селиваново, Новая ул., ";"14064228";"д.2";""
"3314144";"Ленинградская обл., Волховский р-н, п. Селиваново, Новая ул., ";"16716093";"д.1\А";""
"3314144";"Ленинградская обл., Волховский р-н, п. Селиваново, Новая ул., ";"14064229";"д.1\В";""
"3314144";"Ленинградская обл., Волховский р-н, п. Селиваново, Новая ул., ";"14074503";"д.4";""
"3314144";"Ленинградская обл., Волховский р-н, п. Селиваново, Новая ул., ";"14042399";"д.25";""
"3314144";"Ленинградская обл., Волховский р-н, п. Селиваново, Новая ул., ";"14062540";"д.1\Б";""
"3314144";"Ленинградская обл., Волховский р-н, п. Селиваново, Новая ул., ";"14104428";"д.2\А";""
"3314144";"Ленинградская обл., Волховский р-н, п. Селиваново, Новая ул., ";"14073000";"д.1А";""
"3314144";"Ленинградская обл., Волховский р-н, п. Селиваново, Новая ул., ";"14039458";"д.19";""
"3314144";"Ленинградская обл., Волховский р-н, п. Селиваново, Новая ул., ";"14048612";"д.9";""
"3314144";"Ленинградская обл., Волховский р-н, п. Селиваново, Новая ул., ";"14077236";"д.21";""
"3314144";"Ленинградская обл., Волховский р-н, п. Селиваново, Новая ул., ";"14086930";"д.1";""
"3314144";"Ленинградская обл., Волховский р-н, п. Селиваново, Новая ул., ";"14042963";"д.17";""
"3314142";"Ленинградская обл., Волховский р-н, п. Селиваново, Футбольная ул., ";"14113164";"д.18";""
"3314142";"Ленинградская обл., Волховский р-н, п. Селиваново, Футбольная ул., ";"14063187";"д.2";""
"3314142";"Ленинградская обл., Волховский р-н, п. Селиваново, Футбольная ул., ";"14060965";"д.10";""
"3314142";"Ленинградская обл., Волховский р-н, п. Селиваново, Футбольная ул., ";"14062189";"д.9";""
"3314142";"Ленинградская обл., Волховский р-н, п. Селиваново, Футбольная ул., ";"14062543";"д.7";""
"3314142";"Ленинградская обл., Волховский р-н, п. Селиваново, Футбольная ул., ";"14033851";"д.4";""
"3314142";"Ленинградская обл., Волховский р-н, п. Селиваново, Футбольная ул., ";"14103182";"д.14";""
"3314142";"Ленинградская обл., Волховский р-н, п. Селиваново, Футбольная ул., ";"14043852";"д.11";""
"3314142";"Ленинградская обл., Волховский р-н, п. Селиваново, Футбольная ул., ";"14103206";"д.16";""
"3314142";"Ленинградская обл., Волховский р-н, п. Селиваново, Футбольная ул., ";"14036436";"д.8";""
"3314142";"Ленинградская обл., Волховский р-н, п. Селиваново, Футбольная ул., ";"14022277";"д.6";""
"3314141";"Ленинградская обл., Волховский р-н, п. Селиваново, Первомайская ул., ";"14045656";"д.17";""
"3314141";"Ленинградская обл., Волховский р-н, п. Селиваново, Первомайская ул., ";"14099127";"нетр187422";""
"3314141";"Ленинградская обл., Волховский р-н, п. Селиваново, Первомайская ул., ";"14033850";"д.21";""
"3314141";"Ленинградская обл., Волховский р-н, п. Селиваново, Первомайская ул., ";"14056544";"д.30\А";""
"3314141";"Ленинградская обл., Волховский р-н, п. Селиваново, Первомайская ул., ";"14076151";"д.4";""
"3314141";"Ленинградская обл., Волховский р-н, п. Селиваново, Первомайская ул., ";"14031521";"д.10\А";""
"3314141";"Ленинградская обл., Волховский р-н, п. Селиваново, Первомайская ул., ";"14076149";"д.3";""
"3314141";"Ленинградская обл., Волховский р-н, п. Селиваново, Первомайская ул., ";"14039459";"д.Х";""
"3314141";"Ленинградская обл., Волховский р-н, п. Селиваново, Первомайская ул., ";"14052990";"д.12";""
"3314141";"Ленинградская обл., Волховский р-н, п. Селиваново, Первомайская ул., ";"14017898";"д.10";""
"3314141";"Ленинградская обл., Волховский р-н, п. Селиваново, Первомайская ул., ";"14060943";"д.1";""
"3314141";"Ленинградская обл., Волховский р-н, п. Селиваново, Первомайская ул., ";"14060964";"д.5";""
"3314141";"Ленинградская обл., Волховский р-н, п. Селиваново, Первомайская ул., ";"14039448";"д.2";""
"3314141";"Ленинградская обл., Волховский р-н, п. Селиваново, Первомайская ул., ";"14058910";"д.19";""
"3314141";"Ленинградская обл., Волховский р-н, п. Селиваново, Первомайская ул., ";"14034079";"д.14";""
"3314141";"Ленинградская обл., Волховский р-н, п. Селиваново, Первомайская ул., ";"14042219";"д.1";"А"
"3314141";"Ленинградская обл., Волховский р-н, п. Селиваново, Первомайская ул., ";"14038123";"д.7";""
"3314141";"Ленинградская обл., Волховский р-н, п. Селиваново, Первомайская ул., ";"14097922";"д.8";""
"3314141";"Ленинградская обл., Волховский р-н, п. Селиваново, Первомайская ул., ";"14068494";"д.9";""
"3314141";"Ленинградская обл., Волховский р-н, п. Селиваново, Первомайская ул., ";"14068755";"д.6";""
"3314141";"Ленинградская обл., Волховский р-н, п. Селиваново, Первомайская ул., ";"14087218";"д.2";"А"
"3314140";"Ленинградская обл., Волховский р-н, п. Селиваново, Школьная ул., ";"14077589";"д.7";""
"3314140";"Ленинградская обл., Волховский р-н, п. Селиваново, Школьная ул., ";"14076138";"д.1";""
"3314140";"Ленинградская обл., Волховский р-н, п. Селиваново, Школьная ул., ";"14025803";"нетр187422";""
"3314140";"Ленинградская обл., Волховский р-н, п. Селиваново, Школьная ул., ";"14092090";"д.9";""
"3314140";"Ленинградская обл., Волховский р-н, п. Селиваново, Школьная ул., ";"14087219";"д.3";""
"3314140";"Ленинградская обл., Волховский р-н, п. Селиваново, Школьная ул., ";"14030258";"д.13";""
"3314140";"Ленинградская обл., Волховский р-н, п. Селиваново, Школьная ул., ";"14031471";"д.6";""
"3314140";"Ленинградская обл., Волховский р-н, п. Селиваново, Школьная ул., ";"14065706";"д.15";""
"3314140";"Ленинградская обл., Волховский р-н, п. Селиваново, Школьная ул., ";"14043834";"д.20";""
"3314140";"Ленинградская обл., Волховский р-н, п. Селиваново, Школьная ул., ";"14062191";"д.9\А";""
"3314140";"Ленинградская обл., Волховский р-н, п. Селиваново, Школьная ул., ";"14034044";"д.11";""
"3314140";"Ленинградская обл., Волховский р-н, п. Селиваново, Школьная ул., ";"14104795";"д.5";""
"3314140";"Ленинградская обл., Волховский р-н, п. Селиваново, Школьная ул., ";"14082845";"д.14";""
"3314140";"Ленинградская обл., Волховский р-н, п. Селиваново, Школьная ул., ";"14086908";"д.4";""
"3314140";"Ленинградская обл., Волховский р-н, п. Селиваново, Школьная ул., ";"14086932";"д.16";""
"3314140";"Ленинградская обл., Волховский р-н, п. Селиваново, Школьная ул., ";"14088247";"д.Х";""
"3314140";"Ленинградская обл., Волховский р-н, п. Селиваново, Школьная ул., ";"14070165";"д.18";""
"2735398";"Ленинградская обл., Волховский р-н, п. Селиваново, ";"14065703";"д.Х";""
"2735398";"Ленинградская обл., Волховский р-н, п. Селиваново, ";"14080433";"д.1";""
"2735398";"Ленинградская обл., Волховский р-н, п. Селиваново, ";"14099125";"нетр187422";""
"2735397";"Ленинградская обл., Волховский р-н, д. Свирь-Городок, ";"14053950";"д.7";""
"2735397";"Ленинградская обл., Волховский р-н, д. Свирь-Городок, ";"10106724";"ая187420 ";""
"3314132";"Ленинградская обл., Волховский р-н, п. Свирица, Птичий остров ул., ";"14098825";"д.22";""
"2735396";"Ленинградская обл., Волховский р-н, п. Свирица, ";"14095963";"д.18";""
"2735396";"Ленинградская обл., Волховский р-н, п. Свирица, ";"14031466";"д.16";""
"2735396";"Ленинградская обл., Волховский р-н, п. Свирица, ";"14034068";"д.35";"А"
"3314129";"Ленинградская обл., Волховский р-н, п. Свирица, Старая Свирица ул., ";"14113201";"д.35";""
"3314129";"Ленинградская обл., Волховский р-н, п. Свирица, Старая Свирица ул., ";"14095995";"д.9";""
"3314129";"Ленинградская обл., Волховский р-н, п. Свирица, Старая Свирица ул., ";"14083731";"д.69";""
"3314129";"Ленинградская обл., Волховский р-н, п. Свирица, Старая Свирица ул., ";"14086921";"д.39";""
"3314129";"Ленинградская обл., Волховский р-н, п. Свирица, Старая Свирица ул., ";"14098820";"д.55";""
"3314129";"Ленинградская обл., Волховский р-н, п. Свирица, Старая Свирица ул., ";"14062217";"д.34";""
"3314129";"Ленинградская обл., Волховский р-н, п. Свирица, Старая Свирица ул., ";"14053933";"нетр187469";""
"2735396";"Ленинградская обл., Волховский р-н, п. Свирица, ";"14077258";"д.Х";""
"3314135";"Ленинградская обл., Волховский р-н, п. Свирица, Заводский остров ул., ";"14080451";"д.11";""
"3314135";"Ленинградская обл., Волховский р-н, п. Свирица, Заводский остров ул., ";"14113220";"д.31";""
"3314135";"Ленинградская обл., Волховский р-н, п. Свирица, Заводский остров ул., ";"14084737";"д.18";""
"3314135";"Ленинградская обл., Волховский р-н, п. Свирица, Заводский остров ул., ";"14051762";"д.32";""
"3314135";"Ленинградская обл., Волховский р-н, п. Свирица, Заводский остров ул., ";"14043826";"д.2";""
"3314135";"Ленинградская обл., Волховский р-н, п. Свирица, Заводский остров ул., ";"14060956";"д.12";""
"3314135";"Ленинградская обл., Волховский р-н, п. Свирица, Заводский остров ул., ";"14109908";"д.22";""
"3314135";"Ленинградская обл., Волховский р-н, п. Свирица, Заводский остров ул., ";"14066965";"д.34";""
"3314135";"Ленинградская обл., Волховский р-н, п. Свирица, Заводский остров ул., ";"14107535";"д.38";""
"3314135";"Ленинградская обл., Волховский р-н, п. Свирица, Заводский остров ул., ";"14066621";"д.Х";""
"3314135";"Ленинградская обл., Волховский р-н, п. Свирица, Заводский остров ул., ";"14068792";"д.8";""
"3314135";"Ленинградская обл., Волховский р-н, п. Свирица, Заводский остров ул., ";"14077637";"д.14";""
"3314135";"Ленинградская обл., Волховский р-н, п. Свирица, Заводский остров ул., ";"14099164";"д.44";""
"3314135";"Ленинградская обл., Волховский р-н, п. Свирица, Заводский остров ул., ";"14095171";"д.23";"А"
"3314135";"Ленинградская обл., Волховский р-н, п. Свирица, Заводский остров ул., ";"14097944";"д.48";""
"3314135";"Ленинградская обл., Волховский р-н, п. Свирица, Заводский остров ул., ";"14038314";"д.4";""
"3314135";"Ленинградская обл., Волховский р-н, п. Свирица, Заводский остров ул., ";"14043845";"д.6";""
"3314135";"Ленинградская обл., Волховский р-н, п. Свирица, Заводский остров ул., ";"14022291";"д.1";""
"3314135";"Ленинградская обл., Волховский р-н, п. Свирица, Заводский остров ул., ";"14060932";"нетр187469";""
"3314135";"Ленинградская обл., Волховский р-н, п. Свирица, Заводский остров ул., ";"14067425";"д.5";""
"3314131";"Ленинградская обл., Волховский р-н, п. Свирица, Левый берег реки Котихи ул., ";"14103193";"д.13";""
"3314131";"Ленинградская обл., Волховский р-н, п. Свирица, Левый берег реки Котихи ул., ";"14104449";"д.31";""
"3314131";"Ленинградская обл., Волховский р-н, п. Свирица, Левый берег реки Котихи ул., ";"14053903";"д.11";""
"3314131";"Ленинградская обл., Волховский р-н, п. Свирица, Левый берег реки Котихи ул., ";"14086199";"д.12";""
"3314131";"Ленинградская обл., Волховский р-н, п. Свирица, Левый берег реки Котихи ул., ";"14083732";"д.18";""
"3314131";"Ленинградская обл., Волховский р-н, п. Свирица, Левый берег реки Котихи ул., ";"14038150";"д.Х";""
"3314131";"Ленинградская обл., Волховский р-н, п. Свирица, Левый берег реки Котихи ул., ";"14107165";"д.7";""
"3314131";"Ленинградская обл., Волховский р-н, п. Свирица, Левый берег реки Котихи ул., ";"14113204";"д.10";""
"3314131";"Ленинградская обл., Волховский р-н, п. Свирица, Левый берег реки Котихи ул., ";"14057791";"д.26";""
"3314130";"Ленинградская обл., Волховский р-н, п. Свирица, Кондратьево ул., ";"14038339";"д.2";""
"3314130";"Ленинградская обл., Волховский р-н, п. Свирица, Кондратьево ул., ";"14068519";"д.1";""
"3314130";"Ленинградская обл., Волховский р-н, п. Свирица, Кондратьево ул., ";"14031494";"д.4";""
"3314130";"Ленинградская обл., Волховский р-н, п. Свирица, Кондратьево ул., ";"14078904";"д.52";""
"3314130";"Ленинградская обл., Волховский р-н, п. Свирица, Кондратьево ул., ";"14062978";"д.31";""
"3314130";"Ленинградская обл., Волховский р-н, п. Свирица, Кондратьево ул., ";"14071359";"д.25";""
"3314130";"Ленинградская обл., Волховский р-н, п. Свирица, Кондратьево ул., ";"14045631";"д.27";""
"3314130";"Ленинградская обл., Волховский р-н, п. Свирица, Кондратьево ул., ";"14066623";"д.49";""
"3314130";"Ленинградская обл., Волховский р-н, п. Свирица, Кондратьево ул., ";"14042425";"д.43";""
"3314128";"Ленинградская обл., Волховский р-н, п. Свирица, Новая Свирица ул., ";"14095967";"д.35\А";""
"3314128";"Ленинградская обл., Волховский р-н, п. Свирица, Новая Свирица ул., ";"14060935";"д.40";""
"3314128";"Ленинградская обл., Волховский р-н, п. Свирица, Новая Свирица ул., ";"14021086";"д.36";""
"3314128";"Ленинградская обл., Волховский р-н, п. Свирица, Новая Свирица ул., ";"14045630";"д.30";""
"3314128";"Ленинградская обл., Волховский р-н, п. Свирица, Новая Свирица ул., ";"14100376";"д.38";""
"3314128";"Ленинградская обл., Волховский р-н, п. Свирица, Новая Свирица ул., ";"14105951";"д.Х";""
"2735396";"Ленинградская обл., Волховский р-н, п. Свирица, ";"14096332";"д.13";""
"2735396";"Ленинградская обл., Волховский р-н, п. Свирица, ";"14070099";"д.22";""
"2735396";"Ленинградская обл., Волховский р-н, п. Свирица, ";"14113202";"д.1";""
"2735396";"Ленинградская обл., Волховский р-н, п. Свирица, ";"14051789";"д.12";""
"2735396";"Ленинградская обл., Волховский р-н, п. Свирица, ";"14042636";"нетр187469";""
"2735396";"Ленинградская обл., Волховский р-н, п. Свирица, ";"10064954";"ая187469 ";""
"2735394";"Ленинградская обл., Волховский р-н, д. Самушкино, ";"14034045";"д.15";""
"2735394";"Ленинградская обл., Волховский р-н, д. Самушкино, ";"10154479";"ая187423 ";""
"2735394";"Ленинградская обл., Волховский р-н, д. Самушкино, ";"14025805";"д.Х";""
"2735394";"Ленинградская обл., Волховский р-н, д. Самушкино, ";"14092345";"д.11";""
"2735394";"Ленинградская обл., Волховский р-н, д. Самушкино, ";"14021437";"д.10";""
"2735391";"Ленинградская обл., Волховский р-н, п. Рыбежно, ";"14101999";"д.11";""
"2735391";"Ленинградская обл., Волховский р-н, п. Рыбежно, ";"10154480";"ая187462 ";""
"2735391";"Ленинградская обл., Волховский р-н, п. Рыбежно, ";"14042994";"д.Х";""
"3314123";"Ленинградская обл., Волховский р-н, п. Рыбежно, Лесная ул., ";"14086902";"д.24";""
"3314123";"Ленинградская обл., Волховский р-н, п. Рыбежно, Лесная ул., ";"14097530";"д.23";""
"3314123";"Ленинградская обл., Волховский р-н, п. Рыбежно, Лесная ул., ";"14114428";"д.27";""
"3314123";"Ленинградская обл., Волховский р-н, п. Рыбежно, Лесная ул., ";"14045689";"д.33";""
"3314123";"Ленинградская обл., Волховский р-н, п. Рыбежно, Лесная ул., ";"14031489";"д.8";""
"3314123";"Ленинградская обл., Волховский р-н, п. Рыбежно, Лесная ул., ";"14040773";"д.1";""
"3314123";"Ленинградская обл., Волховский р-н, п. Рыбежно, Лесная ул., ";"14086890";"д.11";""
"3314123";"Ленинградская обл., Волховский р-н, п. Рыбежно, Лесная ул., ";"14086168";"д.6";""
"3314123";"Ленинградская обл., Волховский р-н, п. Рыбежно, Лесная ул., ";"14099122";"д.13";""
"3314123";"Ленинградская обл., Волховский р-н, п. Рыбежно, Лесная ул., ";"14049691";"д.19";""
"3314123";"Ленинградская обл., Волховский р-н, п. Рыбежно, Лесная ул., ";"14042997";"д.31";""
"3314123";"Ленинградская обл., Волховский р-н, п. Рыбежно, Лесная ул., ";"14107137";"д.15";""
"3314123";"Ленинградская обл., Волховский р-н, п. Рыбежно, Лесная ул., ";"14083734";"д.14";""
"3314123";"Ленинградская обл., Волховский р-н, п. Рыбежно, Лесная ул., ";"14109878";"д.41";""
"3314123";"Ленинградская обл., Волховский р-н, п. Рыбежно, Лесная ул., ";"14069761";"д.17";""
"3314123";"Ленинградская обл., Волховский р-н, п. Рыбежно, Лесная ул., ";"14041361";"д.29";""
"3314123";"Ленинградская обл., Волховский р-н, п. Рыбежно, Лесная ул., ";"14055014";"д.9";""
"3314126";"Ленинградская обл., Волховский р-н, п. Рыбежно, Рейдовая ул., ";"14106685";"д.30";""
"3314126";"Ленинградская обл., Волховский р-н, п. Рыбежно, Рейдовая ул., ";"14086892";"д.37";""
"3314126";"Ленинградская обл., Волховский р-н, п. Рыбежно, Рейдовая ул., ";"14077611";"д.29";""
"3314126";"Ленинградская обл., Волховский р-н, п. Рыбежно, Рейдовая ул., ";"14062559";"д.25";""
"3314126";"Ленинградская обл., Волховский р-н, п. Рыбежно, Рейдовая ул., ";"14097939";"д.Х";""
"3314126";"Ленинградская обл., Волховский р-н, п. Рыбежно, Рейдовая ул., ";"14090577";"д.28\А";""
"3314126";"Ленинградская обл., Волховский р-н, п. Рыбежно, Рейдовая ул., ";"14043873";"д.35";""
"3314126";"Ленинградская обл., Волховский р-н, п. Рыбежно, Рейдовая ул., ";"14065343";"д.5";""
"3314126";"Ленинградская обл., Волховский р-н, п. Рыбежно, Рейдовая ул., ";"14042606";"д.42";""
"3314126";"Ленинградская обл., Волховский р-н, п. Рыбежно, Рейдовая ул., ";"14058895";"д.15";""
"3314126";"Ленинградская обл., Волховский р-н, п. Рыбежно, Рейдовая ул., ";"14049943";"нетр187462";""
"3314126";"Ленинградская обл., Волховский р-н, п. Рыбежно, Рейдовая ул., ";"14676222";"д.0";""
"3314126";"Ленинградская обл., Волховский р-н, п. Рыбежно, Рейдовая ул., ";"14077613";"д.10";""
"3314126";"Ленинградская обл., Волховский р-н, п. Рыбежно, Рейдовая ул., ";"14083736";"д.24";""
"3314126";"Ленинградская обл., Волховский р-н, п. Рыбежно, Рейдовая ул., ";"14113197";"д.12";""
"3314126";"Ленинградская обл., Волховский р-н, п. Рыбежно, Рейдовая ул., ";"14048646";"д.44";""
"3314126";"Ленинградская обл., Волховский р-н, п. Рыбежно, Рейдовая ул., ";"14026713";"д.20";""
"3314126";"Ленинградская обл., Волховский р-н, п. Рыбежно, Рейдовая ул., ";"14046453";"д.7";""
"3314126";"Ленинградская обл., Волховский р-н, п. Рыбежно, Рейдовая ул., ";"14067469";"д.17";""
"3314125";"Ленинградская обл., Волховский р-н, п. Рыбежно, Школьная ул., ";"14055015";"д.Х";""
"3314125";"Ленинградская обл., Волховский р-н, п. Рыбежно, Школьная ул., ";"14049696";"д.3";""
"3314125";"Ленинградская обл., Волховский р-н, п. Рыбежно, Школьная ул., ";"14109879";"д.5";""
"3314125";"Ленинградская обл., Волховский р-н, п. Рыбежно, Школьная ул., ";"14049697";"д.7";""
"3314124";"Ленинградская обл., Волховский р-н, п. Рыбежно, Клубная ул., ";"14099158";"д.5";""
"3314124";"Ленинградская обл., Волховский р-н, п. Рыбежно, Клубная ул., ";"14022272";"д.11";""
"3314124";"Ленинградская обл., Волховский р-н, п. Рыбежно, Клубная ул., ";"14107540";"д.3";""
"3314124";"Ленинградская обл., Волховский р-н, п. Рыбежно, Клубная ул., ";"14053929";"д.6";""
"3314124";"Ленинградская обл., Волховский р-н, п. Рыбежно, Клубная ул., ";"14022271";"д.18";""
"3314124";"Ленинградская обл., Волховский р-н, п. Рыбежно, Клубная ул., ";"14042996";"д.10";""
"3314122";"Ленинградская обл., Волховский р-н, п. Рыбежно, Профсоюзная ул., ";"14109911";"д.23";""
"3314122";"Ленинградская обл., Волховский р-н, п. Рыбежно, Профсоюзная ул., ";"14048661";"д.1";""
"3314122";"Ленинградская обл., Волховский р-н, п. Рыбежно, Профсоюзная ул., ";"14046451";"д.7";""
"3314122";"Ленинградская обл., Волховский р-н, п. Рыбежно, Профсоюзная ул., ";"14067468";"д.11";""
"2735391";"Ленинградская обл., Волховский р-н, п. Рыбежно, ";"14017540";"д.31";""
"2735384";"Ленинградская обл., Волховский р-н, д. Пучнино, ";"14056550";"д.Х";""
"2735384";"Ленинградская обл., Волховский р-н, д. Пучнино, ";"14058163";"д.4";""
"2735384";"Ленинградская обл., Волховский р-н, д. Пучнино, ";"10099666";"ая187468 ";""
"2735384";"Ленинградская обл., Волховский р-н, д. Пучнино, ";"14097926";"д.10";""
"2735384";"Ленинградская обл., Волховский р-н, д. Пучнино, ";"14057396";"д.7";""
"2735384";"Ленинградская обл., Волховский р-н, д. Пучнино, ";"14026703";"д.9";""
"2735381";"Ленинградская обл., Волховский р-н, д. Пульница, ";"10067459";"ая187432 ";""
"3189155";"Вологодская обл., Бабаевский р-н, с. Борисово-Судское, Советская ул., ";"9366181";"д.40";""
"3189155";"Вологодская обл., Бабаевский р-н, с. Борисово-Судское, Советская ул., ";"9419363";"д.2";""
"3189155";"Вологодская обл., Бабаевский р-н, с. Борисово-Судское, Советская ул., ";"9388328";"д.44";""
"3189155";"Вологодская обл., Бабаевский р-н, с. Борисово-Судское, Советская ул., ";"9376012";"д.52";""
"3189155";"Вологодская обл., Бабаевский р-н, с. Борисово-Судское, Советская ул., ";"9376507";"д.54";""
"3189155";"Вологодская обл., Бабаевский р-н, с. Борисово-Судское, Советская ул., ";"9415634";"д.20";""
"3189155";"Вологодская обл., Бабаевский р-н, с. Борисово-Судское, Советская ул., ";"13326203";"д.26";""
"3189155";"Вологодская обл., Бабаевский р-н, с. Борисово-Судское, Советская ул., ";"9409226";"д.11";""
"3189155";"Вологодская обл., Бабаевский р-н, с. Борисово-Судское, Советская ул., ";"13381014";"д.53А";""
"3189155";"Вологодская обл., Бабаевский р-н, с. Борисово-Судское, Советская ул., ";"9448324";"д.51";""
"3189155";"Вологодская обл., Бабаевский р-н, с. Борисово-Судское, Советская ул., ";"9392895";"д.4";""
"3189155";"Вологодская обл., Бабаевский р-н, с. Борисово-Судское, Советская ул., ";"9391920";"д.56";""
"3189155";"Вологодская обл., Бабаевский р-н, с. Борисово-Судское, Советская ул., ";"9381742";"д.50";"А"
"3189155";"Вологодская обл., Бабаевский р-н, с. Борисово-Судское, Советская ул., ";"9387758";"д.9";""
"3189132";"Вологодская обл., Бабаевский р-н, с. Борисово-Судское, Возрождения ул., ";"9424700";"д.16";""
"3189132";"Вологодская обл., Бабаевский р-н, с. Борисово-Судское, Возрождения ул., ";"9375939";"д.25";""
"2699314";"Вологодская обл., Бабаевский р-н, с. Борисово-Судское, ";"9392898";"д.5";""
"3189146";"Вологодская обл., Бабаевский р-н, с. Борисово-Судское, Нагорная ул., ";"9446697";"д.16";""
"3189146";"Вологодская обл., Бабаевский р-н, с. Борисово-Судское, Нагорная ул., ";"9440949";"д.1";""
"3189146";"Вологодская обл., Бабаевский р-н, с. Борисово-Судское, Нагорная ул., ";"13227862";"д.8";""
"3189146";"Вологодская обл., Бабаевский р-н, с. Борисово-Судское, Нагорная ул., ";"9450245";"д.5";""
"3189146";"Вологодская обл., Бабаевский р-н, с. Борисово-Судское, Нагорная ул., ";"9398368";"д.13а";""
"3189137";"Вологодская обл., Бабаевский р-н, с. Борисово-Судское, Западная ул., ";"9407518";"д.8";""
"3189137";"Вологодская обл., Бабаевский р-н, с. Борисово-Судское, Западная ул., ";"9370635";"д.3";""
"3189137";"Вологодская обл., Бабаевский р-н, с. Борисово-Судское, Западная ул., ";"9439443";"д.4";""
"3189137";"Вологодская обл., Бабаевский р-н, с. Борисово-Судское, Западная ул., ";"9414463";"д.17";""
"3189137";"Вологодская обл., Бабаевский р-н, с. Борисово-Судское, Западная ул., ";"9419162";"д.6";""
"3189137";"Вологодская обл., Бабаевский р-н, с. Борисово-Судское, Западная ул., ";"9408382";"д.12";"1"
"3189137";"Вологодская обл., Бабаевский р-н, с. Борисово-Судское, Западная ул., ";"13381023";"д.7";""
"3189137";"Вологодская обл., Бабаевский р-н, с. Борисово-Судское, Западная ул., ";"9448326";"д.10";"А"
"3189137";"Вологодская обл., Бабаевский р-н, с. Борисово-Судское, Западная ул., ";"9424413";"д.5";""
"3189137";"Вологодская обл., Бабаевский р-н, с. Борисово-Судское, Западная ул., ";"9366321";"д.12";""
"3189137";"Вологодская обл., Бабаевский р-н, с. Борисово-Судское, Западная ул., ";"9418991";"д.16";""
"3189137";"Вологодская обл., Бабаевский р-н, с. Борисово-Судское, Западная ул., ";"9418989";"д.11";""
"3189137";"Вологодская обл., Бабаевский р-н, с. Борисово-Судское, Западная ул., ";"9396995";"нетр162460";""
"3189137";"Вологодская обл., Бабаевский р-н, с. Борисово-Судское, Западная ул., ";"9376005";"д.10";""
"3189145";"Вологодская обл., Бабаевский р-н, с. Борисово-Судское, Молодежная ул., ";"9435352";"нетр162460";""
"3189145";"Вологодская обл., Бабаевский р-н, с. Борисово-Судское, Молодежная ул., ";"9439362";"д.2";""
"3189145";"Вологодская обл., Бабаевский р-н, с. Борисово-Судское, Молодежная ул., ";"9430977";"д.3";""
"3189145";"Вологодская обл., Бабаевский р-н, с. Борисово-Судское, Молодежная ул., ";"9408377";"д.11";""
"3189133";"Вологодская обл., Бабаевский р-н, с. Борисово-Судское, Ворошилова ул., ";"9366177";"д.5";""
"2699314";"Вологодская обл., Бабаевский р-н, с. Борисово-Судское, ";"9440989";"д.28";""
"3189131";"Вологодская обл., Бабаевский р-н, с. Борисово-Судское, Быстрова ул., ";"9392227";"д.8";""
"3189131";"Вологодская обл., Бабаевский р-н, с. Борисово-Судское, Быстрова ул., ";"9434227";"д.1";""
"3189131";"Вологодская обл., Бабаевский р-н, с. Борисово-Судское, Быстрова ул., ";"9388136";"д.3";""
"3189131";"Вологодская обл., Бабаевский р-н, с. Борисово-Судское, Быстрова ул., ";"9425063";"д.10";""
"3189131";"Вологодская обл., Бабаевский р-н, с. Борисово-Судское, Быстрова ул., ";"9425926";"д.7";""
"3189131";"Вологодская обл., Бабаевский р-н, с. Борисово-Судское, Быстрова ул., ";"12252618";"д.5";""
"3189131";"Вологодская обл., Бабаевский р-н, с. Борисово-Судское, Быстрова ул., ";"10218751";"д.4";"1"
"3189131";"Вологодская обл., Бабаевский р-н, с. Борисово-Судское, Быстрова ул., ";"9440937";"д.19";""
"3189131";"Вологодская обл., Бабаевский р-н, с. Борисово-Судское, Быстрова ул., ";"9403130";"д.4";""
"3189131";"Вологодская обл., Бабаевский р-н, с. Борисово-Судское, Быстрова ул., ";"9428767";"д.12";""
"3189131";"Вологодская обл., Бабаевский р-н, с. Борисово-Судское, Быстрова ул., ";"9397036";"нетр162460";""
"3189154";"Вологодская обл., Бабаевский р-н, с. Борисово-Судское, Советов пл., ";"9420851";"д.7";""
"3189154";"Вологодская обл., Бабаевский р-н, с. Борисово-Судское, Советов пл., ";"10216085";"д.2";""
"3189154";"Вологодская обл., Бабаевский р-н, с. Борисово-Судское, Советов пл., ";"9387939";"д.4";""
"3189154";"Вологодская обл., Бабаевский р-н, с. Борисово-Судское, Советов пл., ";"9377182";"д.5";""
"3189154";"Вологодская обл., Бабаевский р-н, с. Борисово-Судское, Советов пл., ";"9375716";"д.1";""
"2699314";"Вологодская обл., Бабаевский р-н, с. Борисово-Судское, ";"9448908";"д.7";""
"3189128";"Вологодская обл., Бабаевский р-н, с. Борисово-Судское, Набережная 1-я ул., ";"9399062";"д.38";""
"3189128";"Вологодская обл., Бабаевский р-н, с. Борисово-Судское, Набережная 1-я ул., ";"9382067";"д.7";""
"3189128";"Вологодская обл., Бабаевский р-н, с. Борисово-Судское, Набережная 1-я ул., ";"9406562";"д.54";"А"
"3189128";"Вологодская обл., Бабаевский р-н, с. Борисово-Судское, Набережная 1-я ул., ";"9400346";"д.61";""
"3189128";"Вологодская обл., Бабаевский р-н, с. Борисово-Судское, Набережная 1-я ул., ";"9391911";"д.35";""
"3189128";"Вологодская обл., Бабаевский р-н, с. Борисово-Судское, Набережная 1-я ул., ";"9379709";"д.44";""
"3189128";"Вологодская обл., Бабаевский р-н, с. Борисово-Судское, Набережная 1-я ул., ";"9440945";"д.39";""
"3189128";"Вологодская обл., Бабаевский р-н, с. Борисово-Судское, Набережная 1-я ул., ";"9408380";"д.77";""
"3189128";"Вологодская обл., Бабаевский р-н, с. Борисово-Судское, Набережная 1-я ул., ";"10234384";"д.74";""
"3189128";"Вологодская обл., Бабаевский р-н, с. Борисово-Судское, Набережная 1-я ул., ";"9417383";"д.58";""
"3189128";"Вологодская обл., Бабаевский р-н, с. Борисово-Судское, Набережная 1-я ул., ";"10220905";"д.51";"А"
"3189128";"Вологодская обл., Бабаевский р-н, с. Борисово-Судское, Набережная 1-я ул., ";"9415244";"д.83";""
"3189128";"Вологодская обл., Бабаевский р-н, с. Борисово-Судское, Набережная 1-я ул., ";"9392902";"д.31";""
"3189128";"Вологодская обл., Бабаевский р-н, с. Борисово-Судское, Набережная 1-я ул., ";"9371054";"д.32";""
"3189128";"Вологодская обл., Бабаевский р-н, с. Борисово-Судское, Набережная 1-я ул., ";"9371048";"д.65";""
"3189128";"Вологодская обл., Бабаевский р-н, с. Борисово-Судское, Набережная 1-я ул., ";"9366301";"д.20";""
"3189128";"Вологодская обл., Бабаевский р-н, с. Борисово-Судское, Набережная 1-я ул., ";"13410041";"д.34";""
"3189128";"Вологодская обл., Бабаевский р-н, с. Борисово-Судское, Набережная 1-я ул., ";"9448949";"д.28";""
"3189128";"Вологодская обл., Бабаевский р-н, с. Борисово-Судское, Набережная 1-я ул., ";"9430978";"д.27";""
"3189128";"Вологодская обл., Бабаевский р-н, с. Борисово-Судское, Набережная 1-я ул., ";"9430781";"д.41";""
"3189128";"Вологодская обл., Бабаевский р-н, с. Борисово-Судское, Набережная 1-я ул., ";"9424195";"д.89";""
"3189128";"Вологодская обл., Бабаевский р-н, с. Борисово-Судское, Набережная 1-я ул., ";"9419353";"д.23";""
"3189128";"Вологодская обл., Бабаевский р-н, с. Борисово-Судское, Набережная 1-я ул., ";"9409682";"д.2";""
"3189128";"Вологодская обл., Бабаевский р-н, с. Борисово-Судское, Набережная 1-я ул., ";"9415273";"д.30";""
"3189128";"Вологодская обл., Бабаевский р-н, с. Борисово-Судское, Набережная 1-я ул., ";"9411503";"д.71";""
"3189128";"Вологодская обл., Бабаевский р-н, с. Борисово-Судское, Набережная 1-я ул., ";"9411501";"д.43";""
"3189128";"Вологодская обл., Бабаевский р-н, с. Борисово-Судское, Набережная 1-я ул., ";"9400743";"д.56";"А"
"3189128";"Вологодская обл., Бабаевский р-н, с. Борисово-Судское, Набережная 1-я ул., ";"9403474";"д.56";""
"3189128";"Вологодская обл., Бабаевский р-н, с. Борисово-Судское, Набережная 1-я ул., ";"9390676";"д.67";""
"3189128";"Вологодская обл., Бабаевский р-н, с. Борисово-Судское, Набережная 1-я ул., ";"9391913";"д.63";""
"3189128";"Вологодская обл., Бабаевский р-н, с. Борисово-Судское, Набережная 1-я ул., ";"9381564";"д.66";""
"3189128";"Вологодская обл., Бабаевский р-н, с. Борисово-Судское, Набережная 1-я ул., ";"9365371";"д.84";""
"3189128";"Вологодская обл., Бабаевский р-н, с. Борисово-Судское, Набережная 1-я ул., ";"9437592";"д.51";""
"3189128";"Вологодская обл., Бабаевский р-н, с. Борисово-Судское, Набережная 1-я ул., ";"9406434";"д.47";""
"3189157";"Вологодская обл., Бабаевский р-н, с. Борисово-Судское, Труда ул., ";"10220862";"д.18";""
"3189157";"Вологодская обл., Бабаевский р-н, с. Борисово-Судское, Труда ул., ";"10223715";"д.9";""
"3189157";"Вологодская обл., Бабаевский р-н, с. Борисово-Судское, Труда ул., ";"10223717";"д.19";""
"3189157";"Вологодская обл., Бабаевский р-н, с. Борисово-Судское, Труда ул., ";"10223716";"д.12";""
"3189153";"Вологодская обл., Бабаевский р-н, с. Борисово-Судское, Садовая ул., ";"9419362";"д.35";""
"3189153";"Вологодская обл., Бабаевский р-н, с. Борисово-Судское, Садовая ул., ";"9376499";"д.30";""
"3189142";"Вологодская обл., Бабаевский р-н, с. Борисово-Судское, Лесная ул., ";"9403929";"д.42";""
"3189142";"Вологодская обл., Бабаевский р-н, с. Борисово-Судское, Лесная ул., ";"9375735";"д.26";""
"3189142";"Вологодская обл., Бабаевский р-н, с. Борисово-Судское, Лесная ул., ";"9376355";"д.4";""
"3189142";"Вологодская обл., Бабаевский р-н, с. Борисово-Судское, Лесная ул., ";"9375539";"д.37а";""
"3189142";"Вологодская обл., Бабаевский р-н, с. Борисово-Судское, Лесная ул., ";"9398864";"д.20";""
"3189142";"Вологодская обл., Бабаевский р-н, с. Борисово-Судское, Лесная ул., ";"9365382";"д.22";""
"3189142";"Вологодская обл., Бабаевский р-н, с. Борисово-Судское, Лесная ул., ";"10214300";"д.20А";""
"3189142";"Вологодская обл., Бабаевский р-н, с. Борисово-Судское, Лесная ул., ";"10217350";"д.3";""
"3189142";"Вологодская обл., Бабаевский р-н, с. Борисово-Судское, Лесная ул., ";"9442173";"д.30";""
"3189142";"Вологодская обл., Бабаевский р-н, с. Борисово-Судское, Лесная ул., ";"9423541";"д.18";""
"3189142";"Вологодская обл., Бабаевский р-н, с. Борисово-Судское, Лесная ул., ";"9392737";"д.45";""
"3189142";"Вологодская обл., Бабаевский р-н, с. Борисово-Судское, Лесная ул., ";"9365383";"д.27";""
"3189142";"Вологодская обл., Бабаевский р-н, с. Борисово-Судское, Лесная ул., ";"9370864";"д.38";""
"3189142";"Вологодская обл., Бабаевский р-н, с. Борисово-Судское, Лесная ул., ";"9397004";"д.40";""
"3189142";"Вологодская обл., Бабаевский р-н, с. Борисово-Судское, Лесная ул., ";"9398301";"д.41";""
"3189142";"Вологодская обл., Бабаевский р-н, с. Борисово-Судское, Лесная ул., ";"9375771";"д.13";""
"3189140";"Вологодская обл., Бабаевский р-н, с. Борисово-Судское, Комсомольская ул., ";"12248217";"д.22";""
"3189140";"Вологодская обл., Бабаевский р-н, с. Борисово-Судское, Комсомольская ул., ";"13324238";"д.37";""
"3189140";"Вологодская обл., Бабаевский р-н, с. Борисово-Судское, Комсомольская ул., ";"10241531";"";"А"
"3189140";"Вологодская обл., Бабаевский р-н, с. Борисово-Судское, Комсомольская ул., ";"9365517";"д.51";""
"3189140";"Вологодская обл., Бабаевский р-н, с. Борисово-Судское, Комсомольская ул., ";"9446716";"д.11А";""
"3189140";"Вологодская обл., Бабаевский р-н, с. Борисово-Судское, Комсомольская ул., ";"9366980";"д.34";""
"3189140";"Вологодская обл., Бабаевский р-н, с. Борисово-Судское, Комсомольская ул., ";"10241533";"д.2а";""
"3189140";"Вологодская обл., Бабаевский р-н, с. Борисово-Судское, Комсомольская ул., ";"10237663";"д.10";""
"3189140";"Вологодская обл., Бабаевский р-н, с. Борисово-Судское, Комсомольская ул., ";"9442271";"д.16";""
"3189140";"Вологодская обл., Бабаевский р-н, с. Борисово-Судское, Комсомольская ул., ";"9375790";"д.8";""
"3189140";"Вологодская обл., Бабаевский р-н, с. Борисово-Судское, Комсомольская ул., ";"9440954";"д.44";""
"3189140";"Вологодская обл., Бабаевский р-н, с. Борисово-Судское, Комсомольская ул., ";"9404637";"д.6";""
"3189140";"Вологодская обл., Бабаевский р-н, с. Борисово-Судское, Комсомольская ул., ";"9382090";"д.26";""
"3189140";"Вологодская обл., Бабаевский р-н, с. Борисово-Судское, Комсомольская ул., ";"9375770";"д.30";""
"3189140";"Вологодская обл., Бабаевский р-н, с. Борисово-Судское, Комсомольская ул., ";"9398861";"д.11";""
"3189140";"Вологодская обл., Бабаевский р-н, с. Борисово-Судское, Комсомольская ул., ";"9447144";"д.49";""
"3189140";"Вологодская обл., Бабаевский р-н, с. Борисово-Судское, Комсомольская ул., ";"9366174";"д.2";""
"3189140";"Вологодская обл., Бабаевский р-н, с. Борисово-Судское, Комсомольская ул., ";"9392066";"д.5";""
"3189140";"Вологодская обл., Бабаевский р-н, с. Борисово-Судское, Комсомольская ул., ";"9376354";"д.48";""
"3189140";"Вологодская обл., Бабаевский р-н, с. Борисово-Судское, Комсомольская ул., ";"9366326";"д.19";""
"3189140";"Вологодская обл., Бабаевский р-н, с. Борисово-Судское, Комсомольская ул., ";"9398581";"д.20";""
"3189139";"Вологодская обл., Бабаевский р-н, с. Борисово-Судское, Кирова ул., ";"9392061";"д.2";""
"3189139";"Вологодская обл., Бабаевский р-н, с. Борисово-Судское, Кирова ул., ";"9403742";"д.1";""
"3189139";"Вологодская обл., Бабаевский р-н, с. Борисово-Судское, Кирова ул., ";"9402232";"д.5";""
"3189139";"Вологодская обл., Бабаевский р-н, с. Борисово-Судское, Кирова ул., ";"9376007";"нетр162460";""
"3189139";"Вологодская обл., Бабаевский р-н, с. Борисово-Судское, Кирова ул., ";"9414055";"д.3";""
"3189138";"Вологодская обл., Бабаевский р-н, с. Борисово-Судское, Заречная ул., ";"9365375";"д.9";""
"3189138";"Вологодская обл., Бабаевский р-н, с. Борисово-Судское, Заречная ул., ";"9404424";"нетр162460";""
"3189138";"Вологодская обл., Бабаевский р-н, с. Борисово-Судское, Заречная ул., ";"9375768";"д.3";""
"3189138";"Вологодская обл., Бабаевский р-н, с. Борисово-Судское, Заречная ул., ";"9392218";"д.7";""
"3189138";"Вологодская обл., Бабаевский р-н, с. Борисово-Судское, Заречная ул., ";"9406559";"д.4";""
"3189136";"Вологодская обл., Бабаевский р-н, с. Борисово-Судское, Заводская ул., ";"9425933";"д.7";""
"3189136";"Вологодская обл., Бабаевский р-н, с. Борисово-Судское, Заводская ул., ";"9408682";"д.18";"0"
"3189136";"Вологодская обл., Бабаевский р-н, с. Борисово-Судское, Заводская ул., ";"9392904";"д.5";""
"3189153";"Вологодская обл., Бабаевский р-н, с. Борисово-Судское, Садовая ул., ";"9440980";"д.24";""
"3189153";"Вологодская обл., Бабаевский р-н, с. Борисово-Судское, Садовая ул., ";"13432444";"д.48";""
"3189153";"Вологодская обл., Бабаевский р-н, с. Борисово-Судское, Садовая ул., ";"9424416";"д.1";""
"3189153";"Вологодская обл., Бабаевский р-н, с. Борисово-Судское, Садовая ул., ";"9375773";"д.52";""
"3189153";"Вологодская обл., Бабаевский р-н, с. Борисово-Судское, Садовая ул., ";"9420838";"д.50";""
"3189153";"Вологодская обл., Бабаевский р-н, с. Борисово-Судское, Садовая ул., ";"9415247";"д.32";""
"3189153";"Вологодская обл., Бабаевский р-н, с. Борисово-Судское, Садовая ул., ";"9387470";"д.3";""
"3189153";"Вологодская обл., Бабаевский р-н, с. Борисово-Судское, Садовая ул., ";"10216445";"д.14";""
"3189153";"Вологодская обл., Бабаевский р-н, с. Борисово-Судское, Садовая ул., ";"9432834";"д.46";""
"3189153";"Вологодская обл., Бабаевский р-н, с. Борисово-Судское, Садовая ул., ";"9404421";"д.44";""
"3189153";"Вологодская обл., Бабаевский р-н, с. Борисово-Судское, Садовая ул., ";"9415638";"д.22";""
"3189153";"Вологодская обл., Бабаевский р-н, с. Борисово-Судское, Садовая ул., ";"9397001";"д.7";""
"3189158";"Вологодская обл., Бабаевский р-н, с. Борисово-Судское, Юбилейная ул., ";"9398376";"д.19";""
"3189158";"Вологодская обл., Бабаевский р-н, с. Борисово-Судское, Юбилейная ул., ";"9448952";"д.25";""
"3189158";"Вологодская обл., Бабаевский р-н, с. Борисово-Судское, Юбилейная ул., ";"10220938";"д.33";""
"3189158";"Вологодская обл., Бабаевский р-н, с. Борисово-Судское, Юбилейная ул., ";"9403127";"д.5";""
"3189158";"Вологодская обл., Бабаевский р-н, с. Борисово-Судское, Юбилейная ул., ";"9413446";"д.10";""
"3189158";"Вологодская обл., Бабаевский р-н, с. Борисово-Судское, Юбилейная ул., ";"13324249";"д.23";""
"3189158";"Вологодская обл., Бабаевский р-н, с. Борисово-Судское, Юбилейная ул., ";"13324243";"д.16";""
"3189158";"Вологодская обл., Бабаевский р-н, с. Борисово-Судское, Юбилейная ул., ";"13324245";"д.21";""
"3189158";"Вологодская обл., Бабаевский р-н, с. Борисово-Судское, Юбилейная ул., ";"9446702";"д.7";""
"3189158";"Вологодская обл., Бабаевский р-н, с. Борисово-Судское, Юбилейная ул., ";"9366167";"д.27";""
"3189158";"Вологодская обл., Бабаевский р-н, с. Борисово-Судское, Юбилейная ул., ";"9365672";"д.2";""
"3189158";"Вологодская обл., Бабаевский р-н, с. Борисово-Судское, Юбилейная ул., ";"9405902";"д.11";""
"3189158";"Вологодская обл., Бабаевский р-н, с. Борисово-Судское, Юбилейная ул., ";"9408392";"д.18";""
"3189158";"Вологодская обл., Бабаевский р-н, с. Борисово-Судское, Юбилейная ул., ";"9397879";"д.8";""
"3189158";"Вологодская обл., Бабаевский р-н, с. Борисово-Судское, Юбилейная ул., ";"9398852";"д.29";""
"3189156";"Вологодская обл., Бабаевский р-н, с. Борисово-Судское, Северная ул., ";"9382073";"д.3";""
"3189156";"Вологодская обл., Бабаевский р-н, с. Борисово-Судское, Северная ул., ";"9375736";"д.7";""
"3189156";"Вологодская обл., Бабаевский р-н, с. Борисово-Судское, Северная ул., ";"13224320";"д.9";""
"3189156";"Вологодская обл., Бабаевский р-н, с. Борисово-Судское, Северная ул., ";"9424419";"д.1";""
"3189156";"Вологодская обл., Бабаевский р-н, с. Борисово-Судское, Северная ул., ";"10215137";"нетр162460";""
"3189156";"Вологодская обл., Бабаевский р-н, с. Борисово-Судское, Северная ул., ";"9392900";"д.5";""
"3189156";"Вологодская обл., Бабаевский р-н, с. Борисово-Судское, Северная ул., ";"9436696";"д.11";""
"3189150";"Вологодская обл., Бабаевский р-н, с. Борисово-Судское, Подгорная ул., ";"9387313";"д.3";""
"3189150";"Вологодская обл., Бабаевский р-н, с. Борисово-Судское, Подгорная ул., ";"9425045";"д.11";""
"3189150";"Вологодская обл., Бабаевский р-н, с. Борисово-Судское, Подгорная ул., ";"9407514";"д.13";""
"3189150";"Вологодская обл., Бабаевский р-н, с. Борисово-Судское, Подгорная ул., ";"9376311";"д.2";""
"3189150";"Вологодская обл., Бабаевский р-н, с. Борисово-Судское, Подгорная ул., ";"9434214";"д.1";""
"3189150";"Вологодская обл., Бабаевский р-н, с. Борисово-Судское, Подгорная ул., ";"9375526";"д.17";""
"3189150";"Вологодская обл., Бабаевский р-н, с. Борисово-Судское, Подгорная ул., ";"9397902";"д.9";""
"3189150";"Вологодская обл., Бабаевский р-н, с. Борисово-Судское, Подгорная ул., ";"9398369";"д.20";""
"3189149";"Вологодская обл., Бабаевский р-н, с. Борисово-Судское, Первомайская ул., ";"9409190";"д.23";""
"3189149";"Вологодская обл., Бабаевский р-н, с. Борисово-Судское, Первомайская ул., ";"9366309";"д.20";""
"3189149";"Вологодская обл., Бабаевский р-н, с. Борисово-Судское, Первомайская ул., ";"9420045";"д.15";""
"3189149";"Вологодская обл., Бабаевский р-н, с. Борисово-Судское, Первомайская ул., ";"10223714";"д.11";""
"3189149";"Вологодская обл., Бабаевский р-н, с. Борисово-Судское, Первомайская ул., ";"9365376";"д.25";""
"3189149";"Вологодская обл., Бабаевский р-н, с. Борисово-Судское, Первомайская ул., ";"10223719";"д.16";""
"3189149";"Вологодская обл., Бабаевский р-н, с. Борисово-Судское, Первомайская ул., ";"9439434";"д.14";""
"3189149";"Вологодская обл., Бабаевский р-н, с. Борисово-Судское, Первомайская ул., ";"9430982";"д.19";""
"3189149";"Вологодская обл., Бабаевский р-н, с. Борисово-Судское, Первомайская ул., ";"9435357";"д.9";""
"3189149";"Вологодская обл., Бабаевский р-н, с. Борисово-Судское, Первомайская ул., ";"9387498";"д.24";""
"3189148";"Вологодская обл., Бабаевский р-н, с. Борисово-Судское, Парковая ул., ";"9376341";"д.2";""
"3189148";"Вологодская обл., Бабаевский р-н, с. Борисово-Судское, Парковая ул., ";"9447131";"д.7";""
"3189148";"Вологодская обл., Бабаевский р-н, с. Борисово-Судское, Парковая ул., ";"9376309";"д.5";""
"3189148";"Вологодская обл., Бабаевский р-н, с. Борисово-Судское, Парковая ул., ";"10231674";"д.14";""
"3189148";"Вологодская обл., Бабаевский р-н, с. Борисово-Судское, Парковая ул., ";"9381288";"д.10";""
"3189148";"Вологодская обл., Бабаевский р-н, с. Борисово-Судское, Парковая ул., ";"9436237";"нетр162460";""
"3189148";"Вологодская обл., Бабаевский р-н, с. Борисово-Судское, Парковая ул., ";"9387465";"д.3";""
"3189147";"Вологодская обл., Бабаевский р-н, с. Борисово-Судское, Октябрьская ул., ";"10233286";"д.4";""
"3189147";"Вологодская обл., Бабаевский р-н, с. Борисово-Судское, Октябрьская ул., ";"9376006";"д.19";""
"3189144";"Вологодская обл., Бабаевский р-н, с. Борисово-Судское, Мира ул., ";"9436015";"д.21";""
"3189144";"Вологодская обл., Бабаевский р-н, с. Борисово-Судское, Мира ул., ";"9431502";"д.24";""
"3189144";"Вологодская обл., Бабаевский р-н, с. Борисово-Судское, Мира ул., ";"9387444";"д.50";"А"
"3189144";"Вологодская обл., Бабаевский р-н, с. Борисово-Судское, Мира ул., ";"9440932";"д.54";""
"3189144";"Вологодская обл., Бабаевский р-н, с. Борисово-Судское, Мира ул., ";"13361640";"д.10";""
"3189144";"Вологодская обл., Бабаевский р-н, с. Борисово-Судское, Мира ул., ";"9376493";"д.70";""
"3189144";"Вологодская обл., Бабаевский р-н, с. Борисово-Судское, Мира ул., ";"9413436";"д.56";""
"3189144";"Вологодская обл., Бабаевский р-н, с. Борисово-Судское, Мира ул., ";"9440958";"д.20";""
"3189144";"Вологодская обл., Бабаевский р-н, с. Борисово-Судское, Мира ул., ";"9428768";"д.66";""
"3189144";"Вологодская обл., Бабаевский р-н, с. Борисово-Судское, Мира ул., ";"9387280";"д.60";""
"3189144";"Вологодская обл., Бабаевский р-н, с. Борисово-Судское, Мира ул., ";"9392226";"д.14";""
"3189144";"Вологодская обл., Бабаевский р-н, с. Борисово-Судское, Мира ул., ";"9376951";"д.2";""
"3189144";"Вологодская обл., Бабаевский р-н, с. Борисово-Судское, Мира ул., ";"9365521";"д.52";""
"3189144";"Вологодская обл., Бабаевский р-н, с. Борисово-Судское, Мира ул., ";"10238574";"45";""
"3189144";"Вологодская обл., Бабаевский р-н, с. Борисово-Судское, Мира ул., ";"9430976";"д.50";""
"3189144";"Вологодская обл., Бабаевский р-н, с. Борисово-Судское, Мира ул., ";"9429664";"д.47";""
"3189144";"Вологодская обл., Бабаевский р-н, с. Борисово-Судское, Мира ул., ";"9413626";"д.68";""
"3189144";"Вологодская обл., Бабаевский р-н, с. Борисово-Судское, Мира ул., ";"9376147";"д.32";""
"3189144";"Вологодская обл., Бабаевский р-н, с. Борисово-Судское, Мира ул., ";"9370636";"д.17";""
"3189144";"Вологодская обл., Бабаевский р-н, с. Борисово-Судское, Мира ул., ";"10238587";"д.45";""
"3189144";"Вологодская обл., Бабаевский р-н, с. Борисово-Судское, Мира ул., ";"9452135";"д.62";"Б"
"3189144";"Вологодская обл., Бабаевский р-н, с. Борисово-Судское, Мира ул., ";"9446673";"д.62";""
"3189144";"Вологодская обл., Бабаевский р-н, с. Борисово-Судское, Мира ул., ";"9448903";"д.49";""
"3189144";"Вологодская обл., Бабаевский р-н, с. Борисово-Судское, Мира ул., ";"9430785";"д.16";""
"3189144";"Вологодская обл., Бабаевский р-н, с. Борисово-Судское, Мира ул., ";"9430320";"д.29";""
"3189144";"Вологодская обл., Бабаевский р-н, с. Борисово-Судское, Мира ул., ";"9424439";"д.9";""
"3189144";"Вологодская обл., Бабаевский р-н, с. Борисово-Судское, Мира ул., ";"9410232";"д.28";""
"3189144";"Вологодская обл., Бабаевский р-н, с. Борисово-Судское, Мира ул., ";"9402239";"д.34";""
"3189144";"Вологодская обл., Бабаевский р-н, с. Борисово-Судское, Мира ул., ";"9382579";"д.13";""
"3189144";"Вологодская обл., Бабаевский р-н, с. Борисово-Судское, Мира ул., ";"9436242";"д.15";""
"3189144";"Вологодская обл., Бабаевский р-н, с. Борисово-Судское, Мира ул., ";"9419157";"д.64";""
"3189144";"Вологодская обл., Бабаевский р-н, с. Борисово-Судское, Мира ул., ";"9408365";"д.58";""
"3189144";"Вологодская обл., Бабаевский р-н, с. Борисово-Судское, Мира ул., ";"9388792";"д.46";""
"3189142";"Вологодская обл., Бабаевский р-н, с. Борисово-Судское, Лесная ул., ";"9441618";"д.35";""
"3189142";"Вологодская обл., Бабаевский р-н, с. Борисово-Судское, Лесная ул., ";"9435363";"д.20";"А"
"3189142";"Вологодская обл., Бабаевский р-н, с. Борисово-Судское, Лесная ул., ";"10215252";"д.15А";""
"3189142";"Вологодская обл., Бабаевский р-н, с. Борисово-Судское, Лесная ул., ";"9441617";"д.0";""
